{
    "version": "v2.0.0r9",
    "cardinal_modified": {
        "nodes": [
            {
                "name": "ReloadableFilterInvocationSecurityMetadataSource",
                "group": 0,
                "category": "partition0",
                "construct": "Class",
                "FQCN": "",
                "filepath": "Class, src/com/uni/sellers/security/ReloadableFilterInvocationSecurityMetadataSource.java",
                "semantics": [
                    "login",
                    "satisfaction",
                    "information",
                    "salesactive",
                    "strategy",
                    "kpi",
                    "partner"
                ]
            },
            {
                "name": "SimpleCorsFilter",
                "group": 1,
                "category": "partition2",
                "construct": "Class",
                "FQCN": "",
                "filepath": "Class, src/com/uni/sellers/restful/SimpleCorsFilter.java",
                "semantics": [
                    "login",
                    "satisfaction",
                    "information",
                    "salesactive",
                    "strategy",
                    "kpi",
                    "partner",
                    "init"
                ]
            },
            {
                "name": "CustomLogoutListener",
                "group": 0,
                "category": "partition0",
                "construct": "Class",
                "FQCN": "",
                "filepath": "Class, src/com/uni/sellers/security/CustomLogoutListener.java",
                "semantics": [
                    "login"
                ]
            },
            {
                "name": "CommonInterceptor",
                "group": 1,
                "category": "partition2",
                "construct": "Class",
                "FQCN": "",
                "filepath": "Class, src/com/uni/sellers/common/CommonInterceptor.java",
                "semantics": [
                    "login",
                    "satisfaction",
                    "information",
                    "salesactive",
                    "strategy",
                    "kpi",
                    "partner"
                ]
            },
            {
                "name": "CommonUtils",
                "group": 1,
                "category": "partition2",
                "construct": "Class",
                "FQCN": "",
                "filepath": "Class, src/com/uni/sellers/util/CommonUtils.java",
                "semantics": [
                    "login",
                    "satisfaction",
                    "information",
                    "salesactive",
                    "strategy",
                    "kpi",
                    "partner"
                ]
            },
            {
                "name": "CustomMapArgumentResolver",
                "group": 1,
                "category": "partition2",
                "construct": "Class",
                "FQCN": "",
                "filepath": "Class, src/com/uni/sellers/datasource/CustomMapArgumentResolver.java",
                "semantics": [
                    "login",
                    "satisfaction",
                    "information",
                    "salesactive",
                    "strategy",
                    "kpi",
                    "partner"
                ]
            },
            {
                "name": "CommandMap",
                "group": 1,
                "category": "partition2",
                "construct": "Class",
                "FQCN": "",
                "filepath": "Class, src/com/uni/sellers/datasource/CommandMap.java",
                "semantics": [
                    "login",
                    "satisfaction",
                    "information",
                    "salesactive",
                    "strategy",
                    "kpi",
                    "partner"
                ]
            },
            {
                "name": "LoggerAspect",
                "group": 1,
                "category": "partition2",
                "construct": "Class",
                "FQCN": "",
                "filepath": "Class, src/com/uni/sellers/logger/LoggerAspect.java",
                "semantics": [
                    "login",
                    "satisfaction",
                    "information",
                    "salesactive",
                    "strategy",
                    "kpi",
                    "partner"
                ]
            },
            {
                "name": "MainController",
                "group": 1,
                "category": "partition2",
                "construct": "Class",
                "FQCN": "",
                "filepath": "Class, src/com/uni/sellers/main/MainController.java",
                "semantics": [
                    "login",
                    "satisfaction",
                    "salesactive",
                    "kpi",
                    "partner",
                    "information",
                    "strategy"
                ]
            },
            {
                "name": "MainService",
                "group": 1,
                "category": "partition2",
                "construct": "Class",
                "FQCN": "",
                "filepath": "Class, src/com/uni/sellers/main/MainService.java",
                "semantics": [
                    "login",
                    "satisfaction",
                    "salesactive",
                    "kpi",
                    "partner",
                    "information",
                    "strategy"
                ]
            },
            {
                "name": "ProceedAdvice",
                "group": 1,
                "category": "partition2",
                "construct": "Class",
                "FQCN": "",
                "filepath": "Class, src/com/uni/sellers/logger/ProceedAdvice.java",
                "semantics": [
                    "login",
                    "satisfaction",
                    "information",
                    "salesactive",
                    "strategy",
                    "kpi",
                    "partner"
                ]
            },
            {
                "name": "MainDAO",
                "group": 2,
                "category": "partition4",
                "construct": "Class",
                "FQCN": "",
                "filepath": "Class, src/com/uni/sellers/main/MainDAO.java",
                "semantics": [
                    "login",
                    "kpi"
                ]
            },
            {
                "name": "KluMainDAO",
                "group": 2,
                "category": "partition4",
                "construct": "Class",
                "FQCN": "",
                "filepath": "Class, src/com/uni/sellers/datasource/KluMainDAO.java",
                "semantics": [
                    "login",
                    "kpi"
                ]
            },
            {
                "name": "CommonController",
                "group": 1,
                "category": "partition2",
                "construct": "Class",
                "FQCN": "",
                "filepath": "Class, src/com/uni/sellers/common/CommonController.java",
                "semantics": [
                    "satisfaction",
                    "information",
                    "salesactive",
                    "strategy",
                    "kpi",
                    "partner",
                    "login"
                ]
            },
            {
                "name": "CommonService",
                "group": 1,
                "category": "partition2",
                "construct": "Class",
                "FQCN": "",
                "filepath": "Class, src/com/uni/sellers/common/CommonService.java",
                "semantics": [
                    "satisfaction",
                    "information",
                    "salesactive",
                    "strategy",
                    "kpi",
                    "partner",
                    "login"
                ]
            },
            {
                "name": "CommonDAO",
                "group": 1,
                "category": "partition2",
                "construct": "Class",
                "FQCN": "",
                "filepath": "Class, src/com/uni/sellers/common/CommonDAO.java",
                "semantics": [
                    "satisfaction",
                    "information",
                    "salesactive",
                    "strategy",
                    "kpi",
                    "partner",
                    "login"
                ]
            },
            {
                "name": "KluCommonDAO",
                "group": 1,
                "category": "partition2",
                "construct": "Class",
                "FQCN": "",
                "filepath": "Class, src/com/uni/sellers/datasource/KluCommonDAO.java",
                "semantics": [
                    "satisfaction",
                    "information",
                    "salesactive",
                    "strategy",
                    "kpi",
                    "partner",
                    "login"
                ]
            },
            {
                "name": "ClientSatisfactionController",
                "group": 3,
                "category": "partition1",
                "construct": "Class",
                "FQCN": "",
                "filepath": "Class, src/com/uni/sellers/clientsatisfaction/ClientSatisfactionController.java",
                "semantics": [
                    "satisfaction"
                ]
            },
            {
                "name": "ClientSatisfactionService",
                "group": 3,
                "category": "partition1",
                "construct": "Class",
                "FQCN": "",
                "filepath": "Class, src/com/uni/sellers/clientsatisfaction/ClientSatisfactionService.java",
                "semantics": [
                    "satisfaction"
                ]
            },
            {
                "name": "ClientSatisfactionDAO",
                "group": 3,
                "category": "partition1",
                "construct": "Class",
                "FQCN": "",
                "filepath": "Class, src/com/uni/sellers/clientsatisfaction/ClientSatisfactionDAO.java",
                "semantics": [
                    "satisfaction"
                ]
            },
            {
                "name": "KluClientSatisfactionDAO",
                "group": 3,
                "category": "partition1",
                "construct": "Class",
                "FQCN": "",
                "filepath": "Class, src/com/uni/sellers/datasource/KluClientSatisfactionDAO.java",
                "semantics": [
                    "satisfaction"
                ]
            },
            {
                "name": "ClientManagementController",
                "group": 0,
                "category": "partition0",
                "construct": "Class",
                "FQCN": "",
                "filepath": "Class, src/com/uni/sellers/clientmanagement/ClientManagementController.java",
                "semantics": [
                    "information"
                ]
            },
            {
                "name": "ClientManagementService",
                "group": 0,
                "category": "partition0",
                "construct": "Class",
                "FQCN": "",
                "filepath": "Class, src/com/uni/sellers/clientmanagement/ClientManagementService.java",
                "semantics": [
                    "information"
                ]
            },
            {
                "name": "ClientManagementDAO",
                "group": 0,
                "category": "partition0",
                "construct": "Class",
                "FQCN": "",
                "filepath": "Class, src/com/uni/sellers/clientmanagement/ClientManagementDAO.java",
                "semantics": [
                    "information"
                ]
            },
            {
                "name": "KluClientManagementDAO",
                "group": 0,
                "category": "partition0",
                "construct": "Class",
                "FQCN": "",
                "filepath": "Class, src/com/uni/sellers/datasource/KluClientManagementDAO.java",
                "semantics": [
                    "information"
                ]
            },
            {
                "name": "ClientSalesActiveController",
                "group": 3,
                "category": "partition1",
                "construct": "Class",
                "FQCN": "",
                "filepath": "Class, src/com/uni/sellers/clientsalesactive/ClientSalesActiveController.java",
                "semantics": [
                    "salesactive"
                ]
            },
            {
                "name": "ClientSalesActiveDAO",
                "group": 3,
                "category": "partition1",
                "construct": "Class",
                "FQCN": "",
                "filepath": "Class, src/com/uni/sellers/clientsalesactive/ClientSalesActiveDAO.java",
                "semantics": [
                    "salesactive",
                    "satisfaction"
                ]
            },
            {
                "name": "KluClientSalesActiveDAO",
                "group": 3,
                "category": "partition1",
                "construct": "Class",
                "FQCN": "",
                "filepath": "Class, src/com/uni/sellers/datasource/KluClientSalesActiveDAO.java",
                "semantics": [
                    "salesactive",
                    "satisfaction"
                ]
            },
            {
                "name": "ClientSalesActiveService",
                "group": 3,
                "category": "partition1",
                "construct": "Class",
                "FQCN": "",
                "filepath": "Class, src/com/uni/sellers/clientsalesactive/ClientSalesActiveService.java",
                "semantics": [
                    "salesactive"
                ]
            },
            {
                "name": "CommonMailService",
                "group": 3,
                "category": "partition1",
                "construct": "Class",
                "FQCN": "",
                "filepath": "Class, src/com/uni/sellers/common/CommonMailService.java",
                "semantics": [
                    "salesactive"
                ]
            },
            {
                "name": "CommonFileUtils",
                "group": 1,
                "category": "partition2",
                "construct": "Class",
                "FQCN": "",
                "filepath": "Class, src/com/uni/sellers/util/CommonFileUtils.java",
                "semantics": [
                    "salesactive",
                    "strategy",
                    "partner",
                    "kpi",
                    "login",
                    "satisfaction"
                ]
            },
            {
                "name": "BizStrategyController",
                "group": 0,
                "category": "partition0",
                "construct": "Class",
                "FQCN": "",
                "filepath": "Class, src/com/uni/sellers/bizstrategy/BizStrategyController.java",
                "semantics": [
                    "strategy"
                ]
            },
            {
                "name": "BizStrategyService",
                "group": 0,
                "category": "partition0",
                "construct": "Class",
                "FQCN": "",
                "filepath": "Class, src/com/uni/sellers/bizstrategy/BizStrategyService.java",
                "semantics": [
                    "strategy"
                ]
            },
            {
                "name": "BizStrategyDAO",
                "group": 0,
                "category": "partition0",
                "construct": "Class",
                "FQCN": "",
                "filepath": "Class, src/com/uni/sellers/bizstrategy/BizStrategyDAO.java",
                "semantics": [
                    "strategy"
                ]
            },
            {
                "name": "KluBizStrategyDAO",
                "group": 0,
                "category": "partition0",
                "construct": "Class",
                "FQCN": "",
                "filepath": "Class, src/com/uni/sellers/datasource/KluBizStrategyDAO.java",
                "semantics": [
                    "strategy"
                ]
            },
            {
                "name": "SalesManagementController",
                "group": 4,
                "category": "partition3",
                "construct": "Class",
                "FQCN": "",
                "filepath": "Class, src/com/uni/sellers/salesmanagement/SalesManagementController.java",
                "semantics": [
                    "kpi"
                ]
            },
            {
                "name": "SalesManagementService",
                "group": 4,
                "category": "partition3",
                "construct": "Class",
                "FQCN": "",
                "filepath": "Class, src/com/uni/sellers/salesmanagement/SalesManagementService.java",
                "semantics": [
                    "kpi"
                ]
            },
            {
                "name": "SalesManagementDAO",
                "group": 4,
                "category": "partition3",
                "construct": "Class",
                "FQCN": "",
                "filepath": "Class, src/com/uni/sellers/salesmanagement/SalesManagementDAO.java",
                "semantics": [
                    "kpi"
                ]
            },
            {
                "name": "KluSalesManagementDAO",
                "group": 4,
                "category": "partition3",
                "construct": "Class",
                "FQCN": "",
                "filepath": "Class, src/com/uni/sellers/datasource/KluSalesManagementDAO.java",
                "semantics": [
                    "kpi"
                ]
            },
            {
                "name": "PartnerManagementController",
                "group": 0,
                "category": "partition0",
                "construct": "Class",
                "FQCN": "",
                "filepath": "Class, src/com/uni/sellers/partnermanagement/PartnerManagementController.java",
                "semantics": [
                    "partner"
                ]
            },
            {
                "name": "PartnerManagementService",
                "group": 0,
                "category": "partition0",
                "construct": "Class",
                "FQCN": "",
                "filepath": "Class, src/com/uni/sellers/partnermanagement/PartnerManagementService.java",
                "semantics": [
                    "partner"
                ]
            },
            {
                "name": "PartnerManagementDAO",
                "group": 0,
                "category": "partition0",
                "construct": "Class",
                "FQCN": "",
                "filepath": "Class, src/com/uni/sellers/partnermanagement/PartnerManagementDAO.java",
                "semantics": [
                    "partner"
                ]
            },
            {
                "name": "KluPartnerManagementDAO",
                "group": 0,
                "category": "partition0",
                "construct": "Class",
                "FQCN": "",
                "filepath": "Class, src/com/uni/sellers/datasource/KluPartnerManagementDAO.java",
                "semantics": [
                    "partner"
                ]
            },
            {
                "name": "UrlResourcesMapFactoryBean",
                "group": 0,
                "category": "partition0",
                "construct": "Class",
                "FQCN": "",
                "filepath": "Class, src/com/uni/sellers/security/UrlResourcesMapFactoryBean.java",
                "semantics": [
                    "init"
                ]
            },
            {
                "name": "CalendarService",
                "group": 0,
                "category": "partition0",
                "construct": "Class",
                "FQCN": "",
                "filepath": "Class, src/com/uni/sellers/calendar/CalendarService.java",
                "semantics": [
                    "login"
                ]
            },
            {
                "name": "ExCalendarConnect",
                "group": 0,
                "category": "partition0",
                "construct": "Class",
                "FQCN": "",
                "filepath": "Class, src/com/uni/sellers/calendar/ExCalendarConnect.java",
                "semantics": [
                    "login"
                ]
            },
            {
                "name": "CalendarDAO",
                "group": 0,
                "category": "partition0",
                "construct": "Class",
                "FQCN": "",
                "filepath": "Class, src/com/uni/sellers/calendar/CalendarDAO.java",
                "semantics": [
                    "login"
                ]
            },
            {
                "name": "KluCalendarDAO",
                "group": 0,
                "category": "partition0",
                "construct": "Class",
                "FQCN": "",
                "filepath": "Class, src/com/uni/sellers/datasource/KluCalendarDAO.java",
                "semantics": [
                    "login"
                ]
            },
            {
                "name": "PoiController",
                "group": 4,
                "category": "partition3",
                "construct": "Class",
                "FQCN": "",
                "filepath": "Class, src/com/uni/sellers/poi/PoiController.java",
                "semantics": [
                    "kpi"
                ]
            },
            {
                "name": "PoiService",
                "group": 4,
                "category": "partition3",
                "construct": "Class",
                "FQCN": "",
                "filepath": "Class, src/com/uni/sellers/poi/PoiService.java",
                "semantics": [
                    "kpi"
                ]
            },
            {
                "name": "AdminDAO",
                "group": 0,
                "category": "partition0",
                "construct": "Class",
                "FQCN": "",
                "filepath": "Class, src/com/uni/sellers/admin/AdminDAO.java",
                "semantics": [
                    "information"
                ]
            },
            {
                "name": "KluAdminDAO",
                "group": 0,
                "category": "partition0",
                "construct": "Class",
                "FQCN": "",
                "filepath": "Class, src/com/uni/sellers/datasource/KluAdminDAO.java",
                "semantics": [
                    "information"
                ]
            },
            {
                "name": "AdminService",
                "group": 0,
                "category": "partition0",
                "construct": "Class",
                "FQCN": "",
                "filepath": "Class, src/com/uni/sellers/admin/AdminService.java",
                "semantics": [
                    "information"
                ]
            },
            {
                "name": "AuthenticationFilterAnotherParam",
                "group": 0,
                "category": "partition0",
                "construct": "Class",
                "FQCN": "",
                "filepath": "Class, src/com/uni/sellers/security/AuthenticationFilterAnotherParam.java",
                "semantics": [
                    "login"
                ]
            },
            {
                "name": "CustomAuthenticationProvider",
                "group": 0,
                "category": "partition0",
                "construct": "Class",
                "FQCN": "",
                "filepath": "Class, src/com/uni/sellers/security/CustomAuthenticationProvider.java",
                "semantics": [
                    "login"
                ]
            },
            {
                "name": "CustomAuthenticationSuccessHandler",
                "group": 0,
                "category": "partition0",
                "construct": "Class",
                "FQCN": "",
                "filepath": "Class, src/com/uni/sellers/security/CustomAuthenticationSuccessHandler.java",
                "semantics": [
                    "login"
                ]
            },
            {
                "name": "AdminController",
                "group": 5,
                "category": "Unobserved",
                "construct": "Class",
                "FQCN": "",
                "filepath": "Class, src/com/uni/sellers/admin/AdminController.java",
                "semantics": []
            },
            {
                "name": "CalendarController",
                "group": 5,
                "category": "Unobserved",
                "construct": "Class",
                "FQCN": "",
                "filepath": "Class, src/com/uni/sellers/calendar/CalendarController.java",
                "semantics": []
            },
            {
                "name": "GoogleCalendarService",
                "group": 5,
                "category": "Unobserved",
                "construct": "Class",
                "FQCN": "",
                "filepath": "Class, src/com/uni/sellers/calendar/GoogleCalendarService.java",
                "semantics": []
            },
            {
                "name": "CommonAppSecurity",
                "group": 5,
                "category": "Unobserved",
                "construct": "Class",
                "FQCN": "",
                "filepath": "Class, src/com/uni/sellers/common/CommonAppSecurity.java",
                "semantics": []
            },
            {
                "name": "CommonHTTPClient",
                "group": 5,
                "category": "Unobserved",
                "construct": "Class",
                "FQCN": "",
                "filepath": "Class, src/com/uni/sellers/common/CommonHTTPClient.java",
                "semantics": []
            },
            {
                "name": "CommonMailEventGui",
                "group": 5,
                "category": "Unobserved",
                "construct": "Class",
                "FQCN": "",
                "filepath": "Class, src/com/uni/sellers/common/CommonMailEventGui.java",
                "semantics": []
            },
            {
                "name": "CommonServerInit",
                "group": 5,
                "category": "Unobserved",
                "construct": "Class",
                "FQCN": "",
                "filepath": "Class, src/com/uni/sellers/common/CommonServerInit.java",
                "semantics": []
            },
            {
                "name": "DashBoardController",
                "group": 5,
                "category": "Unobserved",
                "construct": "Class",
                "FQCN": "",
                "filepath": "Class, src/com/uni/sellers/dashBoard/DashBoardController.java",
                "semantics": []
            },
            {
                "name": "AbstractDAO",
                "group": 5,
                "category": "Unobserved",
                "construct": "Class",
                "FQCN": "",
                "filepath": "Class, src/com/uni/sellers/datasource/AbstractDAO.java",
                "semantics": []
            },
            {
                "name": "AbstractMsDAO",
                "group": 5,
                "category": "Unobserved",
                "construct": "Class",
                "FQCN": "",
                "filepath": "Class, src/com/uni/sellers/datasource/AbstractMsDAO.java",
                "semantics": []
            },
            {
                "name": "KluEtcDAO",
                "group": 5,
                "category": "Unobserved",
                "construct": "Class",
                "FQCN": "",
                "filepath": "Class, src/com/uni/sellers/datasource/KluEtcDAO.java",
                "semantics": []
            },
            {
                "name": "KluPoiDAO",
                "group": 5,
                "category": "Unobserved",
                "construct": "Class",
                "FQCN": "",
                "filepath": "Class, src/com/uni/sellers/datasource/KluPoiDAO.java",
                "semantics": []
            },
            {
                "name": "KluRestfulDAO",
                "group": 5,
                "category": "Unobserved",
                "construct": "Class",
                "FQCN": "",
                "filepath": "Class, src/com/uni/sellers/datasource/KluRestfulDAO.java",
                "semantics": []
            },
            {
                "name": "KluTrackingDAO",
                "group": 5,
                "category": "Unobserved",
                "construct": "Class",
                "FQCN": "",
                "filepath": "Class, src/com/uni/sellers/datasource/KluTrackingDAO.java",
                "semantics": []
            },
            {
                "name": "EtcController",
                "group": 5,
                "category": "Unobserved",
                "construct": "Class",
                "FQCN": "",
                "filepath": "Class, src/com/uni/sellers/etc/EtcController.java",
                "semantics": []
            },
            {
                "name": "EtcDAO",
                "group": 5,
                "category": "Unobserved",
                "construct": "Class",
                "FQCN": "",
                "filepath": "Class, src/com/uni/sellers/etc/EtcDAO.java",
                "semantics": []
            },
            {
                "name": "EtcService",
                "group": 5,
                "category": "Unobserved",
                "construct": "Class",
                "FQCN": "",
                "filepath": "Class, src/com/uni/sellers/etc/EtcService.java",
                "semantics": []
            },
            {
                "name": "FirebaseCloudMessagingController",
                "group": 5,
                "category": "Unobserved",
                "construct": "Class",
                "FQCN": "",
                "filepath": "Class, src/com/uni/sellers/fcm/FirebaseCloudMessagingController.java",
                "semantics": []
            },
            {
                "name": "FirebaseCloudMessagingService",
                "group": 5,
                "category": "Unobserved",
                "construct": "Class",
                "FQCN": "",
                "filepath": "Class, src/com/uni/sellers/fcm/FirebaseCloudMessagingService.java",
                "semantics": []
            },
            {
                "name": "PoiDAO",
                "group": 5,
                "category": "Unobserved",
                "construct": "Class",
                "FQCN": "",
                "filepath": "Class, src/com/uni/sellers/poi/PoiDAO.java",
                "semantics": []
            },
            {
                "name": "ApplicationCustomAuthenticationProvider",
                "group": 5,
                "category": "Unobserved",
                "construct": "Class",
                "FQCN": "",
                "filepath": "Class, src/com/uni/sellers/restful/ApplicationCustomAuthenticationProvider.java",
                "semantics": []
            },
            {
                "name": "Dispatcher",
                "group": 5,
                "category": "Unobserved",
                "construct": "Class",
                "FQCN": "",
                "filepath": "Class, src/com/uni/sellers/restful/Dispatcher.java",
                "semantics": []
            },
            {
                "name": "RestfulController",
                "group": 5,
                "category": "Unobserved",
                "construct": "Class",
                "FQCN": "",
                "filepath": "Class, src/com/uni/sellers/restful/RestfulController.java",
                "semantics": []
            },
            {
                "name": "RestfulDAO",
                "group": 5,
                "category": "Unobserved",
                "construct": "Class",
                "FQCN": "",
                "filepath": "Class, src/com/uni/sellers/restful/RestfulDAO.java",
                "semantics": []
            },
            {
                "name": "RestfulService",
                "group": 5,
                "category": "Unobserved",
                "construct": "Class",
                "FQCN": "",
                "filepath": "Class, src/com/uni/sellers/restful/RestfulService.java",
                "semantics": []
            },
            {
                "name": "CustomLogoutHandler",
                "group": 5,
                "category": "Unobserved",
                "construct": "Class",
                "FQCN": "",
                "filepath": "Class, src/com/uni/sellers/security/CustomLogoutHandler.java",
                "semantics": []
            },
            {
                "name": "DefaultFilterInvocationSecurityMetadataSource",
                "group": 5,
                "category": "Unobserved",
                "construct": "Class",
                "FQCN": "",
                "filepath": "Class, src/com/uni/sellers/security/DefaultFilterInvocationSecurityMetadataSource.java",
                "semantics": []
            },
            {
                "name": "SecuredObjectService",
                "group": 5,
                "category": "Unobserved",
                "construct": "Class",
                "FQCN": "",
                "filepath": "Class, src/com/uni/sellers/security/SecuredObjectService.java",
                "semantics": []
            },
            {
                "name": "TrackingController",
                "group": 5,
                "category": "Unobserved",
                "construct": "Class",
                "FQCN": "",
                "filepath": "Class, src/com/uni/sellers/tracking/TrackingController.java",
                "semantics": []
            },
            {
                "name": "TrackingDAO",
                "group": 5,
                "category": "Unobserved",
                "construct": "Class",
                "FQCN": "",
                "filepath": "Class, src/com/uni/sellers/tracking/TrackingDAO.java",
                "semantics": []
            },
            {
                "name": "TrackingService",
                "group": 5,
                "category": "Unobserved",
                "construct": "Class",
                "FQCN": "",
                "filepath": "Class, src/com/uni/sellers/tracking/TrackingService.java",
                "semantics": []
            },
            {
                "name": "CommonDateUtils",
                "group": 5,
                "category": "Unobserved",
                "construct": "Class",
                "FQCN": "",
                "filepath": "Class, src/com/uni/sellers/util/CommonDateUtils.java",
                "semantics": []
            },
            {
                "name": "CommonSchedule",
                "group": 5,
                "category": "Unobserved",
                "construct": "Class",
                "FQCN": "",
                "filepath": "Class, src/com/uni/sellers/util/CommonSchedule.java",
                "semantics": []
            }
        ],
        "links": [
            {
                "source": "SimpleCorsFilter",
                "target": "CustomLogoutListener",
                "method": {
                    "sessionCreated": 1
                },
                "value": 1.0
            },
            {
                "source": "SimpleCorsFilter",
                "target": "CommonInterceptor",
                "method": {
                    "preHandle": 671,
                    "postHandle": 665
                },
                "value": 8.197
            },
            {
                "source": "SimpleCorsFilter",
                "target": "CustomMapArgumentResolver",
                "method": {
                    "supportsParameter": 172,
                    "resolveArgument": 672
                },
                "value": 7.738
            },
            {
                "source": "SimpleCorsFilter",
                "target": "LoggerAspect",
                "method": {
                    "logPrint": 672
                },
                "value": 7.51
            },
            {
                "source": "CommonInterceptor",
                "target": "CommonUtils",
                "method": {
                    "isEmpty": 1342,
                    "stringToMap": 671
                },
                "value": 8.607
            },
            {
                "source": "CustomMapArgumentResolver",
                "target": "CommandMap",
                "method": {
                    "put": 9174
                },
                "value": 10.124
            },
            {
                "source": "CustomMapArgumentResolver",
                "target": "CommonUtils",
                "method": {
                    "isEmpty": 1344
                },
                "value": 8.203
            },
            {
                "source": "LoggerAspect",
                "target": "MainController",
                "method": {
                    "selectMyCompanyList": 1,
                    "selectSalesActBubbleChart": 2,
                    "selectMemberMenu": 45,
                    "selectSalesAct2": 1,
                    "selectHiddenSalesAct": 1,
                    "mainLanding [overloaded_#001]": 1,
                    "selectTimeLine": 1,
                    "selectTrackingList": 1,
                    "selectResult": 1,
                    "selectContactList": 1,
                    "selectClientIssue": 1,
                    "selectSalesAct": 1
                },
                "value": 5.043
            },
            {
                "source": "LoggerAspect",
                "target": "MainService",
                "method": {
                    "selectMyCompanyList": 1,
                    "selectSalesActBubbleChart": 1,
                    "selectMemberMenu": 45,
                    "selectSalesAct2": 1,
                    "selectHiddenSalesAct": 1,
                    "selectMainModuleSetUp": 1,
                    "selectMainMenuSetUp": 1,
                    "selectTimeLine": 1,
                    "selectTrackingList": 1,
                    "selectResult": 3,
                    "selectContactList": 1,
                    "selectClientIssue": 1,
                    "selectSalesAct": 1
                },
                "value": 5.077
            },
            {
                "source": "LoggerAspect",
                "target": "ProceedAdvice",
                "method": {
                    "aroundMethod": 832
                },
                "value": 7.723
            },
            {
                "source": "LoggerAspect",
                "target": "CommonController",
                "method": {
                    "insertPageContatct": 45,
                    "searchClientInfo": 7,
                    "reloadFile": 5,
                    "selectNoticeCount": 45,
                    "selectNoticeDetail": 45,
                    "searchCompanyInfo": 10,
                    "searchMemberInfo": 22,
                    "selectUserPageRowCount": 19,
                    "login": 1,
                    "selectCalendarAlarmInfo": 45,
                    "searchPartnerInfo": 6,
                    "insertCoachingTalk": 3,
                    "selectCoachingTalk": 6,
                    "searchPartnerMemberInfo": 2
                },
                "value": 6.564
            },
            {
                "source": "LoggerAspect",
                "target": "CommonService",
                "method": {
                    "insertPageContatct": 45,
                    "reloadFile": 5,
                    "selectNoticeCount": 45,
                    "selectNoticeDetail": 45,
                    "searchCompanyInfo": 10,
                    "selectCalendarAlarmInfo": 45,
                    "searchPartnerInfo": 6,
                    "insertCoachingTalk": 3,
                    "searchPartnerMemberInfo": 2,
                    "insertLoginHistory": 1
                },
                "value": 6.332
            },
            {
                "source": "LoggerAspect",
                "target": "ClientSatisfactionController",
                "method": {
                    "selectClientIssueDetail": 2,
                    "selectIssueListCount": 5,
                    "selectClientIssueDashBoardDivision": 12,
                    "selectClientSatisfactionDashBoard": 8,
                    "gridClientSatisfactionDetailList": 4,
                    "selectClientSatisfactionDetail": 1,
                    "serviceProjectView": 1,
                    "selectProjectPlan": 2,
                    "selectProjectMGMTList": 4,
                    "selectClientSatisfactionMasterListCount": 3,
                    "selectClientSatisfactionMasterList": 3,
                    "selectProjectMGMTListCount": 4,
                    "selectClientIssueList": 5,
                    "listClientSatisfactionDashBoard": 2,
                    "selectProjectMGMTDetail": 2,
                    "selectClientIssueDashBoardTeam": 1,
                    "selectSolvePlanIssue": 2,
                    "viewClientSatisfactionList": 2,
                    "gridSolvePlanClientSatisfaction": 2,
                    "selectProjectMGMTMilestons": 2,
                    "updateProjectMGMT": 2,
                    "updateClientIssue": 1,
                    "insertClientIssue": 1,
                    "insertProjectMGMT": 1,
                    "gridProjectIssue": 2,
                    "viewClientIssueList": 1,
                    "viewClientIssueDashBoard": 2,
                    "insertClientSatisfaction": 1,
                    "updateClientSatisfaction": 1
                },
                "value": 5.369
            },
            {
                "source": "LoggerAspect",
                "target": "ClientSatisfactionService",
                "method": {
                    "selectClientIssueDetail": 2,
                    "selectClientSatisfactionDashBoard": 8,
                    "gridClientSatisfactionDetailList": 4,
                    "selectClientSatisfactionDetail": 1,
                    "projectMGMTDetailGroup": 1,
                    "selectProjectMGMTInfo": 2,
                    "selectProjectMGMTList": 4,
                    "selectClientSatisfactionMasterList": 3,
                    "selectClientIssueList": 5,
                    "selectProjectMGMTDetail": 2,
                    "clientSatisfactionSearchDetailGroup": 2,
                    "selectProjectMGMTMilestons": 2,
                    "updateProjectMGMT": 2,
                    "updateClientIssue": 1,
                    "insertClientIssue": 1,
                    "insertProjectMGMT": 1,
                    "gridProjectIssue": 2,
                    "selectClientIssue": 1,
                    "insertClientSatisfaction": 1,
                    "updateClientSatisfaction": 1
                },
                "value": 4.828
            },
            {
                "source": "LoggerAspect",
                "target": "ClientManagementController",
                "method": {
                    "insertClientCompanyInfo": 1,
                    "gridClientCompanyInfo": 2,
                    "selectIndividualHistory": 1,
                    "selectAllIndustrySegmentCode": 1,
                    "viewClientIndividualInfoGate": 2,
                    "gridClientIndividualInfoList2": 2,
                    "viewClientIndividualInfoDetail": 1,
                    "infoMemberManage": 1,
                    "insertIndividualHistory": 1,
                    "insertClientIndividualInfo": 1,
                    "viewClientCompanyGate": 1
                },
                "value": 3.639
            },
            {
                "source": "LoggerAspect",
                "target": "ClientManagementService",
                "method": {
                    "insertClientCompanyInfo": 1,
                    "gridClientCompanyInfo": 2,
                    "selectIndividualHistory": 1,
                    "selectAllIndustrySegmentCode": 1,
                    "gridClientIndividualInfoList": 2,
                    "insertIndividualHistory": 1,
                    "insertClientIndividualInfo": 1,
                    "clientCompanyInfoViewSearchDetailGroup": 1
                },
                "value": 3.302
            },
            {
                "source": "LoggerAspect",
                "target": "ClientSalesActiveController",
                "method": {
                    "selectClientContactDashBoardDivision": 12,
                    "viewClientContactList": 1,
                    "gridActionPlanContact": 1,
                    "insertClientContact": 1,
                    "viewOpportunityDashBoard": 3,
                    "selectOpportunityCount": 17,
                    "selectOpportunityDashBoardDivision": 11,
                    "selectHiddenOpportunity": 4,
                    "selectClientContactCount": 3,
                    "gridOpportunity": 17,
                    "viewOpportunityList": 3,
                    "selectHiddenOpportunityDetail": 3,
                    "selectContactDetail": 1,
                    "selectHiddenOpportunityDashBoardDivision": 1,
                    "insertOpportunity": 1,
                    "updateClientContact": 1,
                    "selectClientContactList": 3,
                    "listHiddenOpportunity": 1,
                    "gridActionPlanHiddenOpportunity": 3,
                    "selectHiddenOpportunityCount": 4,
                    "selectOpportunityDetail": 1,
                    "updateHiddenOpportunity": 1,
                    "viewClientContactDashboard": 2,
                    "selectTempCountOpp": 1,
                    "viewHiddenOpportunityDashBoard": 1,
                    "insertHiddenOpportunity": 1
                },
                "value": 5.584
            },
            {
                "source": "LoggerAspect",
                "target": "ClientSalesActiveService",
                "method": {
                    "insertClientContact": 1,
                    "selectHiddenOpportunity": 4,
                    "gridOpportunity": 17,
                    "opportunitySearchDetailGroup": 3,
                    "selectHiddenOpportunityDetail": 3,
                    "selectContactDetail": 1,
                    "insertOpportunity": 1,
                    "updateClientContact": 1,
                    "selectClientContactList": 3,
                    "selectOpportunityDetail": 1,
                    "updateHiddenOpportunity": 1,
                    "selectTempCountOpp": 1,
                    "insertHiddenOpportunity": 1
                },
                "value": 4.637
            },
            {
                "source": "LoggerAspect",
                "target": "CommonMailService",
                "method": {
                    "shareContactSendMail": 1
                },
                "value": 1.0
            },
            {
                "source": "LoggerAspect",
                "target": "BizStrategyController",
                "method": {
                    "viewBizStrategyCompany": 1,
                    "selectBizStrategyList": 16,
                    "insertBizStrategy": 1,
                    "selectBizStrategyDetail": 3,
                    "selectBizStrategyListCount": 16,
                    "selectProjectPlanList": 4,
                    "selectProjectPlanCount": 4,
                    "selectBizStrategyIssue": 3,
                    "selectProjectPlanDetail": 3,
                    "selectProjectPlanIssue": 3,
                    "selectProjectPlan": 3,
                    "viewBizStrategyProjectPlan": 1,
                    "updateBizStrategy": 2,
                    "insertProjectPlan": 1,
                    "updateProjectPlan": 1,
                    "viewBizStrategyClient": 1
                },
                "value": 5.143
            },
            {
                "source": "LoggerAspect",
                "target": "BizStrategyService",
                "method": {
                    "selectBizStrategyCategory": 2,
                    "selectBizStrategyList": 16,
                    "insertBizStrategy": 1,
                    "selectBizStrategyDetail": 3,
                    "selectBizStrategyMileStones": 3,
                    "selectProjectPlanList": 4,
                    "selectBizStrategyIssue": 3,
                    "selectProjectPlanDetail": 3,
                    "selectMileStonesProjectPlanList": 3,
                    "selectProjectPlanIssue": 3,
                    "selectProjectPlanInfo": 3,
                    "updateBizStrategy": 2,
                    "insertProjectPlan": 1,
                    "updateProjectPlan": 1
                },
                "value": 4.871
            },
            {
                "source": "LoggerAspect",
                "target": "SalesManagementController",
                "method": {
                    "selectResultDashBoardTeam": 3,
                    "listSuggest": 1,
                    "selectResultDashBoardDivision": 6,
                    "selectProposalsInfotList": 2,
                    "selectWeeklyReportQuarter": 5,
                    "selectResultDashBoardMember": 1,
                    "insertProposalsInfo": 1,
                    "selectWeeklyReportYear": 5,
                    "viewProductivity": 1,
                    "selectProposalsInfoListCount": 2,
                    "gridFaceTime": 1,
                    "viewWeeklyReportTabAjax": 2,
                    "viewPerformManagement": 1,
                    "selectProposalsDetail": 1
                },
                "value": 4.465
            },
            {
                "source": "LoggerAspect",
                "target": "SalesManagementService",
                "method": {
                    "selectResultDashBoardTeam": 3,
                    "suggestSearchDetailGroup": 1,
                    "selectResultDashBoardDivision": 6,
                    "selectProposalsInfotList": 2,
                    "selectWeeklyReportQuarter": 5,
                    "selectResultDashBoardMember": 1,
                    "insertProposalsInfo": 1,
                    "selectWeeklyReportYear": 7,
                    "faceTimeSearchDetailGroup": 1,
                    "gridFaceTime": 1,
                    "selectDivisionList": 2,
                    "selectProposalsInfoDetail": 1
                },
                "value": 4.433
            },
            {
                "source": "LoggerAspect",
                "target": "PartnerManagementController",
                "method": {
                    "viewPartnerSales": 4,
                    "recruitmentCRBFileList": 2,
                    "insertEnablement": 1,
                    "viewPartnerEnablement": 2,
                    "insertPartnerCompanyInfo": 1,
                    "viewPartnerIndividualInfoGate": 2,
                    "updatePartnerIndividualInfo": 1,
                    "selectPartnerIndividualInfoList2": 3,
                    "gridMileStonesEnablement": 2,
                    "selectCompanyInfo": 6,
                    "selectPartnerCompanyInfoLeftList": 2,
                    "viewPartnerIndividualInfoDetail": 2,
                    "gridPartnerIndividualDetail": 8,
                    "gridCapacity": 4,
                    "selectEnablementCount": 2,
                    "updateEnablement": 1,
                    "viewPartnerCompanyInfoDetail": 2,
                    "insertSaleseStatus": 1,
                    "selectPartnerIndividualSkill": 2,
                    "insertPartnerIndividualInfo": 1,
                    "selectCapacityPartnerAction": 1,
                    "createRecruitment": 2,
                    "viewPartnerRecruitment": 2,
                    "gridEnablement": 2,
                    "listPartnerCompanyGate": 2,
                    "gridRecruitment": 2,
                    "selectCodePartnerSegmentAll": 1,
                    "selectPartnerIndividualInfoList": 1,
                    "insertCapacityGap": 1,
                    "selectEnablementDetail": 1,
                    "insertCapacity": 1,
                    "selectPartnerCompanyList": 1
                },
                "value": 5.189
            },
            {
                "source": "LoggerAspect",
                "target": "PartnerManagementService",
                "method": {
                    "partnerSalesGroup": 6,
                    "recruitmentCRBFileList": 2,
                    "insertEnablement": 1,
                    "enablementSearchDetailGroup": 2,
                    "insertPartnerCompanyInfo": 1,
                    "selectVendorSolutionAreaList": 4,
                    "updatePartnerIndividualInfo": 1,
                    "gridPartnerIndividualInfoList": 4,
                    "gridMileStonesEnablement": 2,
                    "selectPartnerCompanyInfo": 6,
                    "companyOrganizationChart": 6,
                    "selectPartnerClient": 6,
                    "listPartnerCompanyInfoLeftList": 2,
                    "selectPartnerCompanyIndividualList": 8,
                    "gridPartnerIndividualDetail": 8,
                    "partnerIndividualPhotoList": 8,
                    "partnerIndividualSkillList": 10,
                    "partnerEnableLogList": 8,
                    "gridCapacity": 4,
                    "updateEnablement": 1,
                    "selectPartnerInfoSearchPartnerCode": 2,
                    "insertSolutionArea": 1,
                    "insertPartnerIndividualInfo": 1,
                    "gridRecruitmentCRB": 2,
                    "gridEnablement": 2,
                    "gridRecruitment": 2,
                    "insertCapacityAction": 1,
                    "selectEnablementDetail": 1,
                    "insertCapacity": 1,
                    "selectPartnerCompanyList": 1
                },
                "value": 5.644
            },
            {
                "source": "LoggerAspect",
                "target": "CalendarService",
                "method": {
                    "office365Calendar": 1
                },
                "value": 1.0
            },
            {
                "source": "LoggerAspect",
                "target": "PoiController",
                "method": {
                    "test": 2
                },
                "value": 1.693
            },
            {
                "source": "LoggerAspect",
                "target": "PoiService",
                "method": {
                    "weeklyReportXlsxDownload": 2
                },
                "value": 1.693
            },
            {
                "source": "LoggerAspect",
                "target": "AdminService",
                "method": {
                    "selelctAllInfoDivisionList": 1,
                    "selelctInfoTeamList": 1
                },
                "value": 1.693
            },
            {
                "source": "MainController",
                "target": "CommandMap",
                "method": {
                    "get": 66,
                    "getMap": 60,
                    "put": 3
                },
                "value": 5.859
            },
            {
                "source": "MainController",
                "target": "LoggerAspect",
                "method": {
                    "logPrint": 60
                },
                "value": 5.094
            },
            {
                "source": "MainService",
                "target": "LoggerAspect",
                "method": {
                    "logPrint": 17
                },
                "value": 3.833
            },
            {
                "source": "ProceedAdvice",
                "target": "MainDAO",
                "method": {
                    "selectMyCompanyList": 1,
                    "selectMyCompanyListCount": 1,
                    "selectSalesActBubbleChart": 1,
                    "selectSalesAct2": 1,
                    "selectHiddenSalesAct": 1,
                    "selectMainModuleSetUp": 1,
                    "selectMainMenuSetUp": 1,
                    "selectTimeLine": 1,
                    "selectTrackingList": 1,
                    "selectResult": 3,
                    "selectContactList": 1,
                    "selectMemberMenu": 2,
                    "selectClientIssue": 1,
                    "selectSalesAct": 1
                },
                "value": 3.833
            },
            {
                "source": "ProceedAdvice",
                "target": "CommonDAO",
                "method": {
                    "insertPageContatct": 45,
                    "selectLatelyUpdate": 58,
                    "searchClientInfo": 7,
                    "reloadFile": 5,
                    "selectNoticeCount": 45,
                    "selectNoticeDetail": 45,
                    "insertEmailShareLog": 1,
                    "searchCompanyInfo": 10,
                    "searchMemberInfo": 22,
                    "selectUserPageRowCount": 19,
                    "selectCalendarAlarmInfo": 2,
                    "searchPartnerInfo": 6,
                    "insertCoachingTalk": 3,
                    "selectCoachingTalk": 6,
                    "searchPartnerMemberInfo": 2,
                    "selectLoginProccess": 1,
                    "selectAuthority": 1,
                    "insertLoginHistory": 1
                },
                "value": 6.631
            },
            {
                "source": "ProceedAdvice",
                "target": "ClientSatisfactionDAO",
                "method": {
                    "selectClientIssueDetail": 2,
                    "selectClientIssueFileList": 2,
                    "selectIssueCount": 5,
                    "selectClientIssueDashBoardDivision": 12,
                    "selectClientSatisfactionDashBoard": 8,
                    "gridClientSatisfactionDetailList": 4,
                    "selectClientSatisfactionDetail": 1,
                    "selectClientSatisfactionFileList": 1,
                    "projectMGMTDetailGroup": 1,
                    "selectProjectMGMTInfo": 2,
                    "selectProjectMGMTList": 4,
                    "selectClientSatisfactionMasterListCount": 3,
                    "selectClientSatisfactionMasterList": 3,
                    "selectProjectMGMTListCount": 4,
                    "selectClientIssueList": 5,
                    "selectProjectMGMTDetail": 2,
                    "selectProjectMGMTFileList": 2,
                    "selectClientIssueDashBoardTeam": 1,
                    "selectSolvePlanIssue": 2,
                    "clientSatisfactionSearchDetailGroup": 2,
                    "gridSolvePlanClientSatisfaction": 2,
                    "selectProjectMGMTMilestons": 2,
                    "updateProjectMGMT": 2,
                    "insertTeamMemberList": 3,
                    "deleteProjectMGMTContractAmount": 2,
                    "insertProjectMGMTContract": 3,
                    "updateProjectMGMTMilestons": 10,
                    "updateProjectIssue": 6,
                    "updateClientIssue": 1,
                    "updateClientIssueSolvePlan": 1,
                    "insertClientIssue": 1,
                    "insertClientIssueSolvePlan": 1,
                    "insertProjectMGMT": 1,
                    "insertProjectMGMTMilestons": 5,
                    "gridProjectIssue": 2,
                    "selectClientIssue": 1,
                    "insertClientSatisfaction": 1,
                    "updateClientSatisfaction": 1
                },
                "value": 5.709
            },
            {
                "source": "ProceedAdvice",
                "target": "ClientManagementDAO",
                "method": {
                    "insertClientCompanyInfo": 1,
                    "gridClientCompanyInfo": 2,
                    "selectIndividualHistory": 1,
                    "selectAllIndustrySegmentCode": 1,
                    "gridClientIndividualInfoList2": 2,
                    "deleteIndividualAllHistory": 1,
                    "insertClientIndividualInfo": 1,
                    "clientCompanyInfoViewSearchDetailGroup": 1
                },
                "value": 3.302
            },
            {
                "source": "ProceedAdvice",
                "target": "ClientSalesActiveDAO",
                "method": {
                    "selectClientContactDashBoardDivision": 12,
                    "gridActionPlanContact": 2,
                    "insertClientContact": 1,
                    "insertClientList": 4,
                    "insertContactFollowUpAction": 1,
                    "selectOpportunityCount": 17,
                    "selectOpportunitySum": 17,
                    "selectOpportunityDashBoardDivision": 11,
                    "selectHiddenOpportunity": 4,
                    "selectClientContactCount": 3,
                    "gridOpportunity": 17,
                    "opportunitySearchDetailGroup": 3,
                    "selectHiddenOpportunityDetail": 3,
                    "selectContactDetail": 1,
                    "selectContactFileList": 1,
                    "selectHiddenOpportunityDashBoardDivision": 1,
                    "insertOpportunity": 1,
                    "updateClientContact": 1,
                    "selectClientContactList": 3,
                    "gridActionPlanHiddenOpportunity": 3,
                    "selectHiddenOpportunityCount": 4,
                    "selectOpportunityDetail": 1,
                    "updateHiddenOpportunity": 1,
                    "updateHiddenOpportunityActionPlan": 1,
                    "selectTempCountOpp": 1,
                    "insertHiddenOpportunity": 1,
                    "insertHiddenOpportunityActionPlan": 1
                },
                "value": 5.753
            },
            {
                "source": "ProceedAdvice",
                "target": "BizStrategyDAO",
                "method": {
                    "selectBizStrategyCategory": 2,
                    "selectBizStrategyList": 16,
                    "insertBizStrategy": 1,
                    "insertBizStrategyMileStones": 5,
                    "selectBizStrategyDetail": 3,
                    "selectBizStrategyFileList": 3,
                    "selectBizStrategyMileStones": 3,
                    "selectBizStrategyListCount": 16,
                    "selectProjectPlanList": 4,
                    "selectProjectPlanListCount": 4,
                    "selectBizStrategyIssue": 3,
                    "selectProjectPlanDetail": 3,
                    "selectProjectPlanFileList": 3,
                    "selectProjectPlanOpportunityList": 3,
                    "selectMileStonesProjectPlanList": 3,
                    "selectProjectPlanIssue": 3,
                    "selectProjectPlanInfo": 3,
                    "updateBizStrategy": 2,
                    "updateBizStrategyMileStones": 10,
                    "insertProjectPlan": 1,
                    "insertProjectPlanContract": 8,
                    "insertProjectPlanInvest": 8,
                    "deleteOppProjectPlan": 2,
                    "selectMileStonesProjectPlanKey": 2,
                    "insertMileStonesProjectPlanList": 5,
                    "updateProjectPlan": 1,
                    "deleteProjectPlanContractAmount": 1,
                    "deleteProjectPlanInvestAmount": 1,
                    "updateMileStonesProjectPlanList": 5,
                    "updateProjectPlanIssue": 2
                },
                "value": 5.836
            },
            {
                "source": "ProceedAdvice",
                "target": "SalesManagementDAO",
                "method": {
                    "selectResultDashBoardTeam": 3,
                    "suggestSearchDetailGroup": 1,
                    "selectResultDashBoardDivision": 6,
                    "selectProposalsInfotList": 2,
                    "selectWeeklyReportQuarter": 6,
                    "selectResultDashBoardMember": 1,
                    "insertProposalsInfo": 1,
                    "selectWeeklyReportYear": 7,
                    "faceTimeSearchDetailGroup": 1,
                    "selectProposalsInfoListCount": 2,
                    "selectProposalsInfoLatelyUpdate": 2,
                    "gridFaceTime": 1,
                    "selectDivisionList": 2,
                    "selectProposalsInfoDetail": 1,
                    "selectProposalsInfoFileList": 1
                },
                "value": 4.61
            },
            {
                "source": "ProceedAdvice",
                "target": "PartnerManagementDAO",
                "method": {
                    "partnerSalesGroup": 6,
                    "recruitmentCRBFileList": 2,
                    "insertEnablement": 1,
                    "enablementSearchDetailGroup": 2,
                    "insertPartnerCompanyInfo": 1,
                    "createSalesLinkage": 1,
                    "selectVendorSolutionAreaList": 4,
                    "selectPartnerIndividualNameCard": 1,
                    "selectPartnerIndividualPhoto": 1,
                    "selectPartnerIndividualInfo": 1,
                    "updatePartnerIndividualInfo": 2,
                    "gridPartnerIndividualInfoList2": 1,
                    "gridMileStonesEnablement": 2,
                    "selectPartnerCompanyInfo": 6,
                    "companyOrganizationChart": 6,
                    "selectCompanyPartnerCount": 6,
                    "selectPartnerClient": 6,
                    "listPartnerCompanyInfoLeftList": 1,
                    "selectPartnerCompanyIndividualList": 8,
                    "gridPartnerIndividualDetail": 8,
                    "partnerIndividualPhotoList": 8,
                    "partnerIndividualSkillList": 10,
                    "partnerEnableLogList": 8,
                    "gridCapacity": 4,
                    "selectEnablementCount": 2,
                    "updateEnablement": 1,
                    "insertMilestonesEnablement": 1,
                    "selectPartnerInfoSearchPartnerCode": 2,
                    "updateSolutionArea": 1,
                    "insertPartnerIndividualInfo": 1,
                    "selectCapacityPartnerAction": 1,
                    "gridRecruitmentCRB": 2,
                    "crbGroup": 2,
                    "gridEnablement": 2,
                    "gridPartnerIndividualInfoList": 3,
                    "gridRecruitment": 2,
                    "selectCodePartnerSegmentAll": 1,
                    "updateCondition": 1,
                    "selectCapacityGapCount": 1,
                    "insertCapacityAction": 1,
                    "selectEnablementDetail": 1,
                    "selectEnablementFileList": 1,
                    "insertCapacityIn": 8,
                    "listPartnerCompanyInfoLeftList2": 1,
                    "selectPartnerCompanyList": 1
                },
                "value": 5.882
            },
            {
                "source": "ProceedAdvice",
                "target": "CalendarDAO",
                "method": {
                    "getCalendarList": 1
                },
                "value": 1.0
            },
            {
                "source": "ProceedAdvice",
                "target": "AdminDAO",
                "method": {
                    "selectTerritoryMemberList": 1,
                    "selelctAllInfoDivisionList": 1,
                    "selelctInfoTeamList": 1
                },
                "value": 2.098
            },
            {
                "source": "MainDAO",
                "target": "KluMainDAO",
                "method": {
                    "selectList [overloaded_#004]": 13,
                    "selectOne [overloaded_#002]": 4
                },
                "value": 3.833
            },
            {
                "source": "CommonController",
                "target": "CommandMap",
                "method": {
                    "getMap": 260,
                    "get": 26
                },
                "value": 6.655
            },
            {
                "source": "CommonController",
                "target": "LoggerAspect",
                "method": {
                    "logPrint": 260
                },
                "value": 6.56
            },
            {
                "source": "CommonService",
                "target": "LoggerAspect",
                "method": {
                    "logPrint": 164
                },
                "value": 6.099
            },
            {
                "source": "CommonService",
                "target": "CommonUtils",
                "method": {
                    "getBrowser": 1,
                    "getIp": 2
                },
                "value": 2.098
            },
            {
                "source": "CommonDAO",
                "target": "KluCommonDAO",
                "method": {
                    "insert": 50,
                    "selectOne [overloaded_#002]": 123,
                    "selectList [overloaded_#004]": 106
                },
                "value": 6.631
            },
            {
                "source": "ClientSatisfactionController",
                "target": "CommandMap",
                "method": {
                    "getMap": 148
                },
                "value": 5.997
            },
            {
                "source": "ClientSatisfactionController",
                "target": "LoggerAspect",
                "method": {
                    "logPrint": 92
                },
                "value": 5.521
            },
            {
                "source": "ClientSatisfactionController",
                "target": "CommonUtils",
                "method": {
                    "pagingSum": 12
                },
                "value": 3.484
            },
            {
                "source": "ClientSatisfactionService",
                "target": "LoggerAspect",
                "method": {
                    "logPrint": 79
                },
                "value": 5.369
            },
            {
                "source": "ClientSatisfactionService",
                "target": "CommonFileUtils",
                "method": {
                    "insertFile": 7
                },
                "value": 2.945
            },
            {
                "source": "ClientSatisfactionService",
                "target": "CommonUtils",
                "method": {
                    "jsonList": 9
                },
                "value": 3.197
            },
            {
                "source": "ClientSatisfactionDAO",
                "target": "KluClientSatisfactionDAO",
                "method": {
                    "selectOne [overloaded_#002]": 17,
                    "selectList [overloaded_#004]": 57,
                    "update": 12,
                    "delete": 5,
                    "insert": 24
                },
                "value": 5.744
            },
            {
                "source": "ClientManagementController",
                "target": "CommandMap",
                "method": {
                    "get": 19,
                    "getMap": 15
                },
                "value": 4.526
            },
            {
                "source": "ClientManagementController",
                "target": "LoggerAspect",
                "method": {
                    "logPrint": 13
                },
                "value": 3.564
            },
            {
                "source": "ClientManagementService",
                "target": "LoggerAspect",
                "method": {
                    "logPrint": 10
                },
                "value": 3.302
            },
            {
                "source": "ClientManagementDAO",
                "target": "KluClientManagementDAO",
                "method": {
                    "insert": 2,
                    "selectList [overloaded_#004]": 7,
                    "delete": 1
                },
                "value": 3.302
            },
            {
                "source": "ClientSalesActiveController",
                "target": "CommandMap",
                "method": {
                    "get": 202,
                    "getMap": 140
                },
                "value": 6.834
            },
            {
                "source": "ClientSalesActiveController",
                "target": "LoggerAspect",
                "method": {
                    "logPrint": 133
                },
                "value": 5.89
            },
            {
                "source": "ClientSalesActiveController",
                "target": "CommonUtils",
                "method": {
                    "pagingSum": 24
                },
                "value": 4.178
            },
            {
                "source": "ClientSalesActiveDAO",
                "target": "KluClientSalesActiveDAO",
                "method": {
                    "selectList [overloaded_#004]": 60,
                    "insert": 9,
                    "delete": 4,
                    "selectOne [overloaded_#002]": 47,
                    "update": 3
                },
                "value": 5.812
            },
            {
                "source": "ClientSalesActiveService",
                "target": "LoggerAspect",
                "method": {
                    "logPrint": 45
                },
                "value": 4.806
            },
            {
                "source": "ClientSalesActiveService",
                "target": "CommonUtils",
                "method": {
                    "jsonList": 4
                },
                "value": 2.386
            },
            {
                "source": "ClientSalesActiveService",
                "target": "CommonFileUtils",
                "method": {
                    "insertFile": 2
                },
                "value": 1.693
            },
            {
                "source": "CommonMailService",
                "target": "CommonUtils",
                "method": {
                    "currentDate": 1,
                    "isEmpty": 1
                },
                "value": 1.693
            },
            {
                "source": "CommonFileUtils",
                "target": "CommonUtils",
                "method": {
                    "currentDate": 16
                },
                "value": 3.772
            },
            {
                "source": "BizStrategyController",
                "target": "CommandMap",
                "method": {
                    "put": 2,
                    "getMap": 117,
                    "get": 100
                },
                "value": 6.389
            },
            {
                "source": "BizStrategyController",
                "target": "LoggerAspect",
                "method": {
                    "logPrint": 97
                },
                "value": 5.574
            },
            {
                "source": "BizStrategyController",
                "target": "CommonUtils",
                "method": {
                    "pagingSum": 20
                },
                "value": 3.995
            },
            {
                "source": "BizStrategyService",
                "target": "LoggerAspect",
                "method": {
                    "logPrint": 97
                },
                "value": 5.574
            },
            {
                "source": "BizStrategyService",
                "target": "CommonUtils",
                "method": {
                    "jsonList": 5,
                    "isEmpty": 15
                },
                "value": 3.995
            },
            {
                "source": "BizStrategyService",
                "target": "CommonFileUtils",
                "method": {
                    "insertFile": 5
                },
                "value": 2.609
            },
            {
                "source": "BizStrategyDAO",
                "target": "KluBizStrategyDAO",
                "method": {
                    "selectList [overloaded_#004]": 49,
                    "insert": 45,
                    "selectOne [overloaded_#002]": 28,
                    "update": 3,
                    "delete": 4
                },
                "value": 5.859
            },
            {
                "source": "SalesManagementController",
                "target": "CommandMap",
                "method": {
                    "get": 48,
                    "getMap": 38,
                    "put": 1
                },
                "value": 5.465
            },
            {
                "source": "SalesManagementController",
                "target": "LoggerAspect",
                "method": {
                    "logPrint": 34
                },
                "value": 4.526
            },
            {
                "source": "SalesManagementController",
                "target": "CommonUtils",
                "method": {
                    "pagingSum": 2
                },
                "value": 1.693
            },
            {
                "source": "SalesManagementService",
                "target": "LoggerAspect",
                "method": {
                    "logPrint": 31
                },
                "value": 4.433
            },
            {
                "source": "SalesManagementService",
                "target": "CommonFileUtils",
                "method": {
                    "insertFile": 1
                },
                "value": 1.0
            },
            {
                "source": "SalesManagementDAO",
                "target": "KluSalesManagementDAO",
                "method": {
                    "selectList [overloaded_#004]": 27,
                    "insert": 1,
                    "selectOne [overloaded_#002]": 40
                },
                "value": 5.219
            },
            {
                "source": "PartnerManagementController",
                "target": "CommandMap",
                "method": {
                    "getMap": 131,
                    "get": 104
                },
                "value": 6.459
            },
            {
                "source": "PartnerManagementController",
                "target": "LoggerAspect",
                "method": {
                    "logPrint": 119
                },
                "value": 5.779
            },
            {
                "source": "PartnerManagementController",
                "target": "CommonUtils",
                "method": {
                    "pagingSum": 6
                },
                "value": 2.791
            },
            {
                "source": "PartnerManagementService",
                "target": "LoggerAspect",
                "method": {
                    "logPrint": 119
                },
                "value": 5.779
            },
            {
                "source": "PartnerManagementService",
                "target": "CommonFileUtils",
                "method": {
                    "insertFile": 1
                },
                "value": 1.0
            },
            {
                "source": "PartnerManagementDAO",
                "target": "KluPartnerManagementDAO",
                "method": {
                    "selectList [overloaded_#004]": 105,
                    "insert": 9,
                    "selectOne [overloaded_#002]": 14,
                    "update": 10
                },
                "value": 5.927
            },
            {
                "source": "CalendarService",
                "target": "CommonFileUtils",
                "method": {
                    "CommonFileUtils": 1
                },
                "value": 1.0
            },
            {
                "source": "CalendarService",
                "target": "ExCalendarConnect",
                "method": {
                    "ExCalendarConnect": 1
                },
                "value": 1.0
            },
            {
                "source": "CalendarService",
                "target": "LoggerAspect",
                "method": {
                    "logPrint": 1
                },
                "value": 1.0
            },
            {
                "source": "CalendarDAO",
                "target": "KluCalendarDAO",
                "method": {
                    "selectList [overloaded_#004]": 1
                },
                "value": 1.0
            },
            {
                "source": "PoiController",
                "target": "CommandMap",
                "method": {
                    "getMap": 2
                },
                "value": 1.693
            },
            {
                "source": "PoiController",
                "target": "LoggerAspect",
                "method": {
                    "logPrint": 2
                },
                "value": 1.693
            },
            {
                "source": "PoiService",
                "target": "LoggerAspect",
                "method": {
                    "logPrint": 3
                },
                "value": 2.098
            },
            {
                "source": "AdminDAO",
                "target": "KluAdminDAO",
                "method": {
                    "selectList [overloaded_#004]": 3
                },
                "value": 2.098
            },
            {
                "source": "AdminService",
                "target": "LoggerAspect",
                "method": {
                    "logPrint": 2
                },
                "value": 1.693
            },
            {
                "source": "AuthenticationFilterAnotherParam",
                "target": "CustomAuthenticationProvider",
                "method": {
                    "supports": 1,
                    "authenticate": 1
                },
                "value": 1.693
            },
            {
                "source": "CustomAuthenticationProvider",
                "target": "LoggerAspect",
                "method": {
                    "logPrint": 2
                },
                "value": 1.693
            },
            {
                "source": "CustomAuthenticationSuccessHandler",
                "target": "CommandMap",
                "method": {
                    "put": 1,
                    "getMap": 1
                },
                "value": 1.693
            },
            {
                "source": "CustomAuthenticationSuccessHandler",
                "target": "LoggerAspect",
                "method": {
                    "logPrint": 1
                },
                "value": 1.0
            }
        ],
        "overview": {
            "nodes": [
                {
                    "name": "partition0",
                    "group": 0,
                    "category": "partition0",
                    "filepath": "Cluster",
                    "semantics": [
                        "login",
                        "satisfaction",
                        "information",
                        "salesactive",
                        "strategy",
                        "kpi",
                        "partner",
                        "init"
                    ]
                },
                {
                    "name": "partition2",
                    "group": 1,
                    "category": "partition2",
                    "filepath": "Cluster",
                    "semantics": [
                        "login",
                        "satisfaction",
                        "information",
                        "salesactive",
                        "strategy",
                        "kpi",
                        "partner",
                        "init"
                    ]
                },
                {
                    "name": "partition4",
                    "group": 2,
                    "category": "partition4",
                    "filepath": "Cluster",
                    "semantics": [
                        "login",
                        "kpi"
                    ]
                },
                {
                    "name": "partition1",
                    "group": 3,
                    "category": "partition1",
                    "filepath": "Cluster",
                    "semantics": [
                        "satisfaction",
                        "salesactive"
                    ]
                },
                {
                    "name": "partition3",
                    "group": 4,
                    "category": "partition3",
                    "filepath": "Cluster",
                    "semantics": [
                        "kpi"
                    ]
                },
                {
                    "name": "Unobserved",
                    "group": 5,
                    "category": "Unobserved",
                    "filepath": "Cluster",
                    "semantics": []
                }
            ],
            "links": [
                {
                    "source": "partition0",
                    "target": "partition2",
                    "value": 2.886
                },
                {
                    "source": "partition2",
                    "target": "partition0",
                    "value": 2.653
                },
                {
                    "source": "partition2",
                    "target": "partition1",
                    "value": 2.394
                },
                {
                    "source": "partition2",
                    "target": "partition3",
                    "value": 2.027
                },
                {
                    "source": "partition2",
                    "target": "partition4",
                    "value": 1.399
                },
                {
                    "source": "partition1",
                    "target": "partition2",
                    "value": 2.71
                },
                {
                    "source": "partition3",
                    "target": "partition2",
                    "value": 2.18
                }
            ]
        }
    }
}