{"Files": {"src/com/uni/sellers/admin/AdminController.java": {"package": "com.uni.sellers.admin", "import": ["java.util.List", "java.util.Map", "javax.annotation.Resource", "org.slf4j.Logger", "org.slf4j.LoggerFactory", "org.springframework.beans.factory.annotation.Autowired", "org.springframework.stereotype.Controller", "org.springframework.web.bind.annotation.RequestMapping", "org.springframework.web.servlet.ModelAndView", "com.uni.sellers.common.CommonDAO", "com.uni.sellers.datasource.CommandMap", "com.uni.sellers.security.ReloadableFilterInvocationSecurityMetadataSource"], "AdminController": "AdminController"}, "src/com/uni/sellers/admin/AdminService.java": {"package": "com.uni.sellers.admin", "import": ["java.util.ArrayList", "java.util.HashMap", "java.util.List", "java.util.Map", "javax.annotation.Resource", "org.slf4j.Logger", "org.slf4j.LoggerFactory", "org.springframework.beans.factory.annotation.Autowired", "org.springframework.cache.annotation.Cacheable", "org.springframework.security.crypto.bcrypt.BCryptPasswordEncoder", "org.springframework.stereotype.Service", "com.uni.sellers.common.CommonDAO", "com.uni.sellers.partnermanagement.PartnerManagementDAO", "com.uni.sellers.poi.PoiDAO", "com.uni.sellers.util.CommonFileUtils", "com.uni.sellers.util.CommonUtils"], "AdminService": "AdminService"}, "src/com/uni/sellers/admin/AdminDAO.java": {"package": "com.uni.sellers.admin", "import": ["java.util.List", "java.util.Map", "org.springframework.cache.annotation.Cacheable", "org.springframework.stereotype.Repository", "com.uni.sellers.datasource.AbstractDAO"], "AdminDAO": "AdminDAO"}, "src/com/uni/sellers/bizstrategy/BizStrategyController.java": {"package": "com.uni.sellers.bizstrategy", "import": ["java.util.List", "java.util.Map", "javax.annotation.Resource", "javax.servlet.http.HttpServletRequest", "org.slf4j.Logger", "org.slf4j.LoggerFactory", "org.springframework.mobile.device.Device", "org.springframework.stereotype.Controller", "org.springframework.web.bind.annotation.RequestMapping", "org.springframework.web.servlet.ModelAndView", "com.uni.sellers.common.CommonDAO", "com.uni.sellers.datasource.CommandMap", "com.uni.sellers.util.CommonUtils"], "BizStrategyController": "BizStrategyController"}, "src/com/uni/sellers/bizstrategy/BizStrategyDAO.java": {"package": "com.uni.sellers.bizstrategy", "import": ["java.util.HashMap", "java.util.List", "java.util.Map", "org.springframework.stereotype.Repository", "com.uni.sellers.datasource.AbstractDAO"], "BizStrategyDAO": "BizStrategyDAO"}, "src/com/uni/sellers/bizstrategy/BizStrategyService.java": {"package": "com.uni.sellers.bizstrategy", "import": ["java.util.ArrayList", "java.util.HashMap", "java.util.List", "java.util.Map", "javax.annotation.Resource", "javax.servlet.http.HttpServletRequest", "org.slf4j.Logger", "org.slf4j.LoggerFactory", "org.springframework.stereotype.Service", "com.fasterxml.jackson.core.type.TypeReference", "com.fasterxml.jackson.databind.ObjectMapper", "com.uni.sellers.common.CommonDAO", "com.uni.sellers.util.CommonFileUtils", "com.uni.sellers.util.CommonUtils"], "BizStrategyService": "BizStrategyService"}, "src/com/uni/sellers/calendar/CalendarController.java": {"package": "com.uni.sellers.calendar", "import": ["java.text.SimpleDateFormat", "java.util.Calendar", "java.util.Date", "java.util.HashMap", "java.util.List", "java.util.Map", "javax.annotation.Resource", "javax.servlet.http.HttpServletRequest", "javax.servlet.http.HttpSession", "org.slf4j.Logger", "org.slf4j.LoggerFactory", "org.springframework.mobile.device.Device", "org.springframework.stereotype.Controller", "org.springframework.web.bind.annotation.RequestMapping", "org.springframework.web.bind.annotation.SessionAttributes", "org.springframework.web.servlet.ModelAndView", "com.google.api.client.auth.oauth2.Credential", "com.uni.sellers.datasource.CommandMap", "com.uni.sellers.salesmanagement.SalesManagementService"], "CalendarController": "CalendarController"}, "src/com/uni/sellers/calendar/CalendarDAO.java": {"package": "com.uni.sellers.calendar", "import": ["java.util.HashMap", "java.util.List", "java.util.Map", "org.springframework.stereotype.Repository", "com.uni.sellers.datasource.AbstractDAO", "com.uni.sellers.util.CommonDateUtils"], "CalendarDAO": "CalendarDAO"}, "src/com/uni/sellers/calendar/CalendarService.java": {"package": "com.uni.sellers.calendar", "import": ["java.text.SimpleDateFormat", "java.util.ArrayList", "java.util.Arrays", "java.util.Calendar", "java.util.Collections", "java.util.Comparator", "java.util.Date", "java.util.HashMap", "java.util.List", "java.util.Map", "javax.annotation.Resource", "javax.servlet.http.HttpServletRequest", "org.slf4j.Logger", "org.slf4j.LoggerFactory", "org.springframework.beans.factory.annotation.Value", "org.springframework.stereotype.Service", "com.google.api.client.auth.oauth2.Credential", "com.uni.sellers.common.CommonMailService", "com.uni.sellers.util.CommonDateUtils", "com.uni.sellers.util.CommonFileUtils", "net.fortuna.ical4j.model.DateList", "net.fortuna.ical4j.model.Recur"], "CalendarService": "CalendarService"}, "src/com/uni/sellers/calendar/ExCalendarConnect.java": {"package": "com.uni.sellers.calendar", "import": ["java.net.URI", "java.net.URISyntaxException", "java.sql.Timestamp", "java.text.DateFormat", "java.text.SimpleDateFormat", "java.util.ArrayList", "java.util.Calendar", "java.util.Date", "java.util.HashMap", "java.util.List", "java.util.Locale", "java.util.Map", "java.util.TimeZone", "org.slf4j.Logger", "org.slf4j.LoggerFactory", "org.springframework.stereotype.Component", "com.uni.sellers.util.CommonFileUtils", "microsoft.exchange.webservices.data.core.ExchangeService", "microsoft.exchange.webservices.data.core.PropertySet", "microsoft.exchange.webservices.data.core.enumeration.misc.ExchangeVersion", "microsoft.exchange.webservices.data.core.enumeration.property.BasePropertySet", "microsoft.exchange.webservices.data.core.enumeration.property.BodyType", "microsoft.exchange.webservices.data.core.enumeration.property.WellKnownFolderName", "microsoft.exchange.webservices.data.core.enumeration.property.time.DayOfTheWeek", "microsoft.exchange.webservices.data.core.enumeration.service.ConflictResolutionMode", "microsoft.exchange.webservices.data.core.enumeration.service.DeleteMode", "microsoft.exchange.webservices.data.core.enumeration.service.SendInvitationsOrCancellationsMode", "microsoft.exchange.webservices.data.core.service.item.Appointment", "microsoft.exchange.webservices.data.credential.ExchangeCredentials", "microsoft.exchange.webservices.data.credential.WebCredentials", "microsoft.exchange.webservices.data.property.complex.EmailAddress", "microsoft.exchange.webservices.data.property.complex.FolderId", "microsoft.exchange.webservices.data.property.complex.ItemId", "microsoft.exchange.webservices.data.property.complex.Mailbox", "microsoft.exchange.webservices.data.property.complex.MessageBody", "microsoft.exchange.webservices.data.property.complex.recurrence.pattern.Recurrence", "microsoft.exchange.webservices.data.property.complex.time.OlsonTimeZoneDefinition", "microsoft.exchange.webservices.data.search.CalendarView", "microsoft.exchange.webservices.data.search.FindItemsResults"], "ExCalendarConnect": "ExCalendarConnect"}, "src/com/uni/sellers/calendar/GoogleCalendarService.java": {"package": "com.uni.sellers.calendar", "import": ["java.io.File", "java.io.IOException", "java.io.InputStream", "java.io.InputStreamReader", "java.net.InetAddress", "java.net.NetworkInterface", "java.net.SocketException", "java.text.DateFormat", "java.text.SimpleDateFormat", "java.util.ArrayList", "java.util.Arrays", "java.util.Date", "java.util.Enumeration", "java.util.HashMap", "java.util.List", "java.util.Map", "java.util.stream.Collectors", "javax.annotation.Resource", "javax.servlet.http.HttpServletRequest", "javax.servlet.http.HttpSession", "org.slf4j.Logger", "org.slf4j.LoggerFactory", "org.springframework.beans.factory.annotation.Value", "org.springframework.stereotype.Component", "com.google.api.client.auth.oauth2.Credential", "com.google.api.client.extensions.java6.auth.oauth2.AuthorizationCodeInstalledApp", "com.google.api.client.extensions.jetty.auth.oauth2.LocalServerReceiver", "com.google.api.client.googleapis.auth.oauth2.GoogleAuthorizationCodeFlow", "com.google.api.client.googleapis.auth.oauth2.GoogleClientSecrets", "com.google.api.client.googleapis.javanet.GoogleNetHttpTransport", "com.google.api.client.http.HttpTransport", "com.google.api.client.json.JsonFactory", "com.google.api.client.json.jackson2.JacksonFactory", "com.google.api.client.util.DateTime", "com.google.api.client.util.store.FileDataStoreFactory", "com.google.api.services.calendar.Calendar", "com.google.api.services.calendar.CalendarScopes", "com.google.api.services.calendar.model.CalendarList", "com.google.api.services.calendar.model.CalendarListEntry", "com.google.api.services.calendar.model.Event", "com.google.api.services.calendar.model.EventDateTime", "com.google.api.services.calendar.model.EventReminder", "com.google.api.services.calendar.model.Events", "com.uni.sellers.util.CommonUtils"], "GoogleCalendarService": "GoogleCalendarService"}, "src/com/uni/sellers/clientmanagement/ClientManagementController.java": {"package": "com.uni.sellers.clientmanagement", "import": ["java.util.List", "java.util.Map", "javax.annotation.Resource", "javax.servlet.http.HttpServletRequest", "org.slf4j.Logger", "org.slf4j.LoggerFactory", "org.springframework.beans.factory.annotation.Value", "org.springframework.mobile.device.Device", "org.springframework.stereotype.Controller", "org.springframework.web.bind.annotation.RequestMapping", "org.springframework.web.servlet.ModelAndView", "com.uni.sellers.admin.AdminDAO", "com.uni.sellers.admin.AdminService", "com.uni.sellers.clientsalesactive.ClientSalesActiveDAO", "com.uni.sellers.clientsatisfaction.ClientSatisfactionDAO", "com.uni.sellers.datasource.CommandMap", "com.uni.sellers.util.CommonUtils"], "ClientManagementController": "ClientManagementController"}, "src/com/uni/sellers/clientmanagement/ClientManagementDAO.java": {"package": "com.uni.sellers.clientmanagement", "import": ["java.util.HashMap", "java.util.List", "java.util.Map", "org.springframework.stereotype.Repository", "com.uni.sellers.datasource.AbstractDAO", "com.uni.sellers.datasource.CommandMap"], "ClientManagementDAO": "ClientManagementDAO"}, "src/com/uni/sellers/clientmanagement/ClientManagementService.java": {"package": "com.uni.sellers.clientmanagement", "import": ["java.text.SimpleDateFormat", "java.util.ArrayList", "java.util.HashMap", "java.util.List", "java.util.Map", "javax.annotation.Resource", "javax.servlet.http.HttpServletRequest", "org.apache.ibatis.ognl.MapElementsAccessor", "org.slf4j.Logger", "org.slf4j.LoggerFactory", "org.springframework.beans.factory.annotation.Value", "org.springframework.dao.DuplicateKeyException", "org.springframework.stereotype.Service", "org.springframework.web.multipart.MultipartHttpServletRequest", "com.fasterxml.jackson.core.type.TypeReference", "com.fasterxml.jackson.databind.ObjectMapper", "com.uni.sellers.common.CommonDAO", "com.uni.sellers.util.CommonFileUtils", "com.uni.sellers.util.CommonUtils", "groovy.transform.Synchronized"], "ClientManagementService": "ClientManagementService"}, "src/com/uni/sellers/clientsalesactive/ClientSalesActiveController.java": {"package": "com.uni.sellers.clientsalesactive", "import": ["java.util.Arrays", "java.util.List", "java.util.Map", "javax.annotation.Resource", "javax.servlet.http.HttpServletRequest", "org.slf4j.Logger", "org.slf4j.LoggerFactory", "org.springframework.mobile.device.Device", "org.springframework.stereotype.Controller", "org.springframework.web.bind.annotation.RequestMapping", "org.springframework.web.servlet.ModelAndView", "com.uni.sellers.common.CommonDAO", "com.uni.sellers.common.CommonHTTPClient", "com.uni.sellers.datasource.CommandMap", "com.uni.sellers.util.CommonUtils"], "ClientSalesActiveController": "ClientSalesActiveController"}, "src/com/uni/sellers/clientsalesactive/ClientSalesActiveDAO.java": {"package": "com.uni.sellers.clientsalesactive", "import": ["java.util.ArrayList", "java.util.Arrays", "java.util.HashMap", "java.util.List", "java.util.Map", "org.springframework.cache.annotation.Cacheable", "org.springframework.stereotype.Repository", "com.uni.sellers.datasource.AbstractDAO"], "ClientSalesActiveDAO": "ClientSalesActiveDAO"}, "src/com/uni/sellers/clientsalesactive/ClientSalesActiveService.java": {"package": "com.uni.sellers.clientsalesactive", "import": ["java.math.BigInteger", "java.text.SimpleDateFormat", "java.util.ArrayList", "java.util.Collection", "java.util.HashMap", "java.util.Iterator", "java.util.List", "java.util.Map", "javax.annotation.Resource", "javax.servlet.http.HttpServletRequest", "org.slf4j.Logger", "org.slf4j.LoggerFactory", "org.springframework.stereotype.Service", "com.fasterxml.jackson.core.type.TypeReference", "com.fasterxml.jackson.databind.ObjectMapper", "com.uni.sellers.calendar.CalendarDAO", "com.uni.sellers.common.CommonDAO", "com.uni.sellers.common.CommonMailService", "com.uni.sellers.util.CommonDateUtils", "com.uni.sellers.util.CommonFileUtils", "com.uni.sellers.util.CommonUtils"], "ClientSalesActiveService": "ClientSalesActiveService"}, "src/com/uni/sellers/clientsatisfaction/ClientSatisfactionController.java": {"package": "com.uni.sellers.clientsatisfaction", "import": ["java.util.List", "java.util.Map", "javax.annotation.Resource", "javax.servlet.http.HttpServletRequest", "org.slf4j.Logger", "org.slf4j.LoggerFactory", "org.springframework.mobile.device.Device", "org.springframework.stereotype.Controller", "org.springframework.web.bind.annotation.RequestMapping", "org.springframework.web.servlet.ModelAndView", "com.uni.sellers.common.CommonDAO", "com.uni.sellers.datasource.CommandMap", "com.uni.sellers.util.CommonUtils"], "ClientSatisfactionController": "ClientSatisfactionController"}, "src/com/uni/sellers/clientsatisfaction/ClientSatisfactionDAO.java": {"package": "com.uni.sellers.clientsatisfaction", "import": ["java.util.HashMap", "java.util.List", "java.util.Map", "org.springframework.stereotype.Repository", "com.uni.sellers.datasource.AbstractDAO"], "ClientSatisfactionDAO": "ClientSatisfactionDAO"}, "src/com/uni/sellers/clientsatisfaction/ClientSatisfactionService.java": {"package": "com.uni.sellers.clientsatisfaction", "import": ["java.text.SimpleDateFormat", "java.util.ArrayList", "java.util.Date", "java.util.HashMap", "java.util.List", "java.util.Map", "javax.annotation.Resource", "javax.servlet.http.HttpServletRequest", "org.slf4j.Logger", "org.slf4j.LoggerFactory", "org.springframework.stereotype.Service", "org.springframework.web.context.request.RequestAttributes", "org.springframework.web.context.request.RequestContextHolder", "com.fasterxml.jackson.core.type.TypeReference", "com.fasterxml.jackson.databind.ObjectMapper", "com.uni.sellers.clientsalesactive.ClientSalesActiveDAO", "com.uni.sellers.common.CommonDAO", "com.uni.sellers.common.CommonMailService", "com.uni.sellers.common.CommonService", "com.uni.sellers.util.CommonFileUtils", "com.uni.sellers.util.CommonUtils"], "ClientSatisfactionService": "ClientSatisfactionService"}, "src/com/uni/sellers/common/CommonAppSecurity.java": {"package": "com.uni.sellers.common", "import": ["java.security.SecureRandom", "javax.crypto.Cipher", "javax.crypto.KeyGenerator", "javax.crypto.SecretKey", "javax.crypto.spec.SecretKeySpec", "org.apache.commons.codec.binary.Hex", "org.springframework.stereotype.Repository"], "CommonAppSecurity": "CommonAppSecurity"}, "src/com/uni/sellers/common/CommonController.java": {"package": "com.uni.sellers.common", "import": ["java.util.List", "java.util.Map", "javax.annotation.Resource", "javax.servlet.http.HttpServletRequest", "javax.servlet.http.HttpServletResponse", "javax.servlet.http.HttpSession", "org.slf4j.Logger", "org.slf4j.LoggerFactory", "org.springframework.beans.factory.annotation.Value", "org.springframework.mobile.device.Device", "org.springframework.stereotype.Controller", "org.springframework.web.bind.annotation.RequestMapping", "org.springframework.web.bind.support.SessionStatus", "org.springframework.web.servlet.ModelAndView", "com.uni.sellers.datasource.CommandMap", "com.uni.sellers.security.CustomAuthenticationSuccessHandler", "com.uni.sellers.util.CommonFileUtils"], "CommonController": "CommonController"}, "src/com/uni/sellers/common/CommonDAO.java": {"package": "com.uni.sellers.common", "import": ["java.util.HashMap", "java.util.List", "java.util.Map", "org.springframework.cache.annotation.Cacheable", "org.springframework.stereotype.Repository", "com.uni.sellers.datasource.AbstractDAO"], "CommonDAO": "CommonDAO"}, "src/com/uni/sellers/common/CommonHTTPClient.java": {"package": "com.uni.sellers.common", "import": ["java.io.IOException", "java.io.UnsupportedEncodingException", "java.util.ArrayList", "java.util.Map", "org.apache.http.HttpEntity", "org.apache.http.HttpResponse", "org.apache.http.NameValuePair", "org.apache.http.client.ClientProtocolException", "org.apache.http.client.HttpClient", "org.apache.http.client.ResponseHandler", "org.apache.http.client.config.RequestConfig", "org.apache.http.client.config.RequestConfig.Builder", "org.apache.http.client.entity.UrlEncodedFormEntity", "org.apache.http.client.methods.HttpPost", "org.apache.http.impl.client.CloseableHttpClient", "org.apache.http.impl.client.HttpClients", "org.apache.http.message.BasicNameValuePair", "org.apache.http.util.EntityUtils", "org.json.simple.parser.JSONParser", "org.springframework.stereotype.Service"], "CommonHTTPClient": "CommonHTTPClient"}, "src/com/uni/sellers/common/CommonInterceptor.java": {"package": "com.uni.sellers.common", "import": ["java.io.IOException", "java.net.URLDecoder", "java.net.URLEncoder", "java.util.Map", "javax.annotation.Resource", "javax.servlet.ServletException", "javax.servlet.http.Cookie", "javax.servlet.http.HttpServletRequest", "javax.servlet.http.HttpServletResponse", "javax.servlet.http.HttpSession", "org.codehaus.groovy.transform.SynchronizedASTTransformation", "org.json.simple.JSONArray", "org.slf4j.Logger", "org.slf4j.LoggerFactory", "org.springframework.security.access.AccessDeniedException", "org.springframework.security.core.AuthenticationException", "org.springframework.web.servlet.ModelAndView", "org.springframework.web.servlet.handler.HandlerInterceptorAdapter", "com.uni.sellers.util.CommonUtils"], "CommonInterceptor": "CommonInterceptor"}, "src/com/uni/sellers/common/CommonMailEventGui.java": {"package": "com.uni.sellers.common", "import": ["java.awt.Container", "java.awt.event.ActionEvent", "java.awt.event.ActionListener", "javax.swing.JButton", "javax.swing.JFrame", "javax.swing.JLabel", "javax.swing.JPanel"], "CommonMailEventGui": "CommonMailEventGui"}, "src/com/uni/sellers/common/CommonMailService.java": {"package": "com.uni.sellers.common", "import": ["java.net.MalformedURLException", "java.net.URL", "java.text.DecimalFormat", "java.text.SimpleDateFormat", "java.util.ArrayList", "java.util.Date", "java.util.HashMap", "java.util.List", "java.util.Map", "java.util.Properties", "javax.annotation.Resource", "javax.mail.Message", "javax.mail.NoSuchProviderException", "javax.mail.Session", "javax.mail.Transport", "javax.mail.internet.AddressException", "javax.mail.internet.InternetAddress", "javax.mail.internet.MimeMessage", "org.slf4j.Logger", "org.slf4j.LoggerFactory", "org.springframework.beans.factory.annotation.Value", "org.springframework.stereotype.Service", "com.uni.sellers.clientsalesactive.ClientSalesActiveDAO", "com.uni.sellers.clientsatisfaction.ClientSatisfactionDAO", "com.uni.sellers.etc.EtcDAO", "com.uni.sellers.util.CommonDateUtils", "com.uni.sellers.util.CommonUtils"], "CommonMailService": "CommonMailService"}, "src/com/uni/sellers/common/CommonServerInit.java": {"package": "com.uni.sellers.common", "import": ["java.util.HashMap", "java.util.List", "java.util.Map", "javax.annotation.Resource", "javax.servlet.ServletContextEvent", "javax.servlet.ServletContextListener", "org.slf4j.Logger", "org.slf4j.LoggerFactory", "org.springframework.web.context.ContextLoader"], "CommonServerInit": "CommonServerInit"}, "src/com/uni/sellers/common/CommonService.java": {"package": "com.uni.sellers.common", "import": ["java.text.SimpleDateFormat", "java.util.ArrayList", "java.util.Date", "java.util.HashMap", "java.util.List", "java.util.Map", "javax.annotation.Resource", "javax.servlet.http.HttpServletRequest", "org.slf4j.Logger", "org.slf4j.LoggerFactory", "org.springframework.beans.factory.annotation.Autowired", "org.springframework.beans.factory.annotation.Value", "org.springframework.mobile.device.Device", "org.springframework.security.crypto.bcrypt.BCryptPasswordEncoder", "org.springframework.stereotype.Service", "com.uni.sellers.calendar.CalendarDAO", "com.uni.sellers.calendar.CalendarService", "com.uni.sellers.datasource.CommandMap", "com.uni.sellers.tracking.TrackingDAO", "com.uni.sellers.tracking.TrackingService", "com.uni.sellers.util.CommonDateUtils", "com.uni.sellers.util.CommonFileUtils", "com.uni.sellers.util.CommonUtils"], "CommonService": "CommonService"}, "src/com/uni/sellers/dashBoard/DashBoardController.java": {"package": "com.uni.sellers.dashBoard", "import": ["javax.servlet.http.HttpServletRequest", "javax.servlet.http.HttpSession", "org.slf4j.Logger", "org.slf4j.LoggerFactory", "org.springframework.stereotype.Controller", "org.springframework.web.bind.annotation.RequestMapping", "org.springframework.web.bind.annotation.SessionAttributes", "org.springframework.web.servlet.ModelAndView", "com.uni.sellers.datasource.CommandMap"], "DashBoardController": "DashBoardController"}, "src/com/uni/sellers/datasource/AbstractMsDAO.java": {"package": "com.uni.sellers.datasource", "import": ["java.util.List", "java.util.Map", "javax.annotation.Resource", "org.apache.commons.logging.Log", "org.apache.commons.logging.LogFactory", "org.mybatis.spring.SqlSessionTemplate", "org.springframework.beans.factory.annotation.Autowired", "com.mysql.jdbc.StringUtils"], "AbstractMsDAO": "AbstractMsDAO"}, "src/com/uni/sellers/datasource/AbstractDAO.java": {"package": "com.uni.sellers.datasource", "import": ["java.util.List", "java.util.Map", "javax.annotation.Resource", "org.apache.commons.logging.Log", "org.apache.commons.logging.LogFactory", "org.mybatis.spring.SqlSessionTemplate", "org.springframework.beans.factory.annotation.Autowired", "com.mysql.jdbc.StringUtils"], "AbstractDAO": "AbstractDAO"}, "src/com/uni/sellers/datasource/CommandMap.java": {"package": "com.uni.sellers.datasource", "import": ["java.util.HashMap", "java.util.Map", "java.util.Map.Entry", "java.util.Set"], "CommandMap": "CommandMap"}, "src/com/uni/sellers/datasource/CustomMapArgumentResolver.java": {"package": "com.uni.sellers.datasource", "import": ["java.util.Enumeration", "java.util.Map", "javax.servlet.http.HttpServletRequest", "javax.servlet.http.HttpSession", "org.springframework.core.MethodParameter", "org.springframework.web.bind.support.WebDataBinderFactory", "org.springframework.web.context.request.NativeWebRequest", "org.springframework.web.method.support.HandlerMethodArgumentResolver", "org.springframework.web.method.support.ModelAndViewContainer", "com.uni.sellers.util.CommonUtils"], "CustomMapArgumentResolver": "CustomMapArgumentResolver"}, "src/com/uni/sellers/etc/EtcController.java": {"package": "com.uni.sellers.etc", "import": ["java.sql.*", "java.util.HashMap", "java.util.List", "java.util.Map", "javax.annotation.Resource", "javax.servlet.http.HttpServletRequest", "org.slf4j.Logger", "org.slf4j.LoggerFactory", "org.springframework.mobile.device.Device", "org.springframework.stereotype.Controller", "org.springframework.web.bind.annotation.RequestMapping", "org.springframework.web.servlet.ModelAndView", "com.uni.sellers.common.CommonDAO", "com.uni.sellers.datasource.CommandMap"], "EtcController": "EtcController"}, "src/com/uni/sellers/etc/EtcDAO.java": {"package": "com.uni.sellers.etc", "import": ["java.util.ArrayList", "java.util.List", "java.util.Map", "org.springframework.stereotype.Repository", "com.uni.sellers.datasource.AbstractDAO"], "EtcDAO": "EtcDAO"}, "src/com/uni/sellers/etc/EtcService.java": {"package": "com.uni.sellers.etc", "import": ["java.util.ArrayList", "java.util.HashMap", "java.util.List", "java.util.Map", "javax.annotation.Resource", "javax.servlet.http.HttpServletRequest", "org.slf4j.Logger", "org.slf4j.LoggerFactory", "org.springframework.stereotype.Service", "com.uni.sellers.common.CommonDAO", "com.uni.sellers.common.CommonMailService", "com.uni.sellers.util.CommonDateUtils", "com.uni.sellers.util.CommonFileUtils", "com.uni.sellers.util.CommonUtils"], "EtcService": "EtcService"}, "src/com/uni/sellers/fcm/FirebaseCloudMessagingController.java": {"package": "com.uni.sellers.fcm", "import": ["java.util.ArrayList", "java.util.List", "java.util.Map", "javax.annotation.Resource", "javax.servlet.http.HttpServletRequest", "javax.servlet.http.HttpServletResponse", "javax.servlet.http.HttpSession", "org.slf4j.Logger", "org.slf4j.LoggerFactory", "org.springframework.stereotype.Controller", "org.springframework.web.bind.annotation.RequestMapping", "com.uni.sellers.datasource.CommandMap", "com.uni.sellers.restful.Dispatcher", "com.uni.sellers.restful.RestfulDAO"], "FirebaseCloudMessagingController": "FirebaseCloudMessagingController"}, "src/com/uni/sellers/fcm/FirebaseCloudMessagingService.java": {"package": "com.uni.sellers.fcm", "import": ["java.io.IOException", "java.io.OutputStream", "java.net.HttpURLConnection", "java.net.URL", "java.util.List", "java.util.Map", "org.json.simple.JSONArray", "org.json.simple.JSONObject", "org.slf4j.Logger", "org.slf4j.LoggerFactory", "org.springframework.beans.factory.annotation.Value", "org.springframework.stereotype.Service"], "FirebaseCloudMessagingService": "FirebaseCloudMessagingService"}, "src/com/uni/sellers/logger/LoggerAspect.java": {"package": "com.uni.sellers.logger", "import": ["org.apache.commons.logging.Log", "org.apache.commons.logging.LogFactory", "org.aspectj.lang.ProceedingJoinPoint", "org.aspectj.lang.annotation.Around", "org.aspectj.lang.annotation.Aspect"], "LoggerAspect": "LoggerAspect"}, "src/com/uni/sellers/logger/ProceedAdvice.java": {"package": "com.uni.sellers.logger", "import": ["org.apache.commons.logging.Log", "org.apache.commons.logging.LogFactory", "org.aspectj.lang.ProceedingJoinPoint", "org.aspectj.lang.annotation.Around", "org.aspectj.lang.annotation.Aspect", "org.springframework.stereotype.Repository", "org.springframework.util.StopWatch"], "ProceedAdvice": "ProceedAdvice"}, "src/com/uni/sellers/main/MainController.java": {"package": "com.uni.sellers.main", "import": ["java.util.List", "java.util.Map", "javax.annotation.Resource", "javax.servlet.http.HttpServletRequest", "javax.servlet.http.HttpSession", "org.slf4j.Logger", "org.slf4j.LoggerFactory", "org.springframework.mobile.device.Device", "org.springframework.stereotype.Controller", "org.springframework.web.bind.annotation.RequestMapping", "org.springframework.web.servlet.ModelAndView", "com.uni.sellers.common.CommonDAO", "com.uni.sellers.datasource.CommandMap"], "MainController": "MainController"}, "src/com/uni/sellers/main/MainDAO.java": {"package": "com.uni.sellers.main", "import": ["java.util.List", "java.util.Map", "org.springframework.cache.annotation.Cacheable", "org.springframework.stereotype.Repository", "com.uni.sellers.datasource.AbstractDAO"], "MainDAO": "MainDAO"}, "src/com/uni/sellers/main/MainService.java": {"package": "com.uni.sellers.main", "import": ["java.text.ParseException", "java.text.SimpleDateFormat", "java.util.ArrayList", "java.util.Calendar", "java.util.Collections", "java.util.Comparator", "java.util.Date", "java.util.HashMap", "java.util.List", "java.util.Map", "javax.annotation.Resource", "org.slf4j.Logger", "org.slf4j.LoggerFactory", "org.springframework.stereotype.Service", "com.uni.sellers.calendar.CalendarService", "com.uni.sellers.common.CommonDAO", "com.uni.sellers.restful.RestfulDAO", "com.uni.sellers.util.CommonFileUtils", "com.uni.sellers.util.CommonUtils"], "MainService": "MainService", "DateCompare": "MainService::DateCompare"}, "src/com/uni/sellers/partnermanagement/PartnerManagementController.java": {"package": "com.uni.sellers.partnermanagement", "import": ["java.util.List", "java.util.Map", "javax.annotation.Resource", "javax.servlet.http.HttpServletRequest", "org.slf4j.Logger", "org.slf4j.LoggerFactory", "org.springframework.mobile.device.Device", "org.springframework.stereotype.Controller", "org.springframework.web.bind.annotation.RequestMapping", "org.springframework.web.servlet.ModelAndView", "com.uni.sellers.common.CommonDAO", "com.uni.sellers.datasource.CommandMap", "com.uni.sellers.util.CommonUtils"], "PartnerManagementController": "PartnerManagementController"}, "src/com/uni/sellers/partnermanagement/PartnerManagementDAO.java": {"package": "com.uni.sellers.partnermanagement", "import": ["java.util.HashMap", "java.util.List", "java.util.Map", "org.springframework.stereotype.Repository", "com.uni.sellers.datasource.AbstractDAO"], "PartnerManagementDAO": "PartnerManagementDAO"}, "src/com/uni/sellers/partnermanagement/PartnerManagementService.java": {"package": "com.uni.sellers.partnermanagement", "import": ["java.text.SimpleDateFormat", "java.util.ArrayList", "java.util.HashMap", "java.util.List", "java.util.Map", "javax.annotation.Resource", "javax.servlet.http.HttpServletRequest", "org.slf4j.Logger", "org.slf4j.LoggerFactory", "org.springframework.stereotype.Service", "org.springframework.web.multipart.MultipartHttpServletRequest", "com.fasterxml.jackson.core.type.TypeReference", "com.fasterxml.jackson.databind.ObjectMapper", "com.uni.sellers.common.CommonDAO", "com.uni.sellers.util.CommonFileUtils", "com.uni.sellers.util.CommonUtils"], "PartnerManagementService": "PartnerManagementService"}, "src/com/uni/sellers/poi/PoiController.java": {"package": "com.uni.sellers.poi", "import": ["java.io.File", "java.net.URLEncoder", "java.util.List", "java.util.Map", "javax.annotation.Resource", "javax.servlet.http.HttpServletRequest", "javax.servlet.http.HttpServletResponse", "org.apache.commons.io.FileUtils", "org.slf4j.Logger", "org.slf4j.LoggerFactory", "org.springframework.stereotype.Controller", "org.springframework.web.bind.annotation.RequestMapping", "org.springframework.web.servlet.ModelAndView", "com.uni.sellers.datasource.CommandMap", "com.uni.sellers.poi.PoiService"], "PoiController": "PoiController"}, "src/com/uni/sellers/poi/PoiDAO.java": {"package": "com.uni.sellers.poi", "import": ["java.util.HashMap", "java.util.List", "java.util.Map", "org.slf4j.Logger", "org.slf4j.LoggerFactory", "org.springframework.stereotype.Repository", "com.uni.sellers.datasource.AbstractDAO"], "PoiDAO": "PoiDAO"}, "src/com/uni/sellers/poi/PoiService.java": {"package": "com.uni.sellers.poi", "import": ["java.io.File", "java.io.FileInputStream", "java.io.FileNotFoundException", "java.io.FileOutputStream", "java.io.IOException", "java.io.InputStream", "java.io.OutputStream", "java.util.ArrayList", "java.util.Calendar", "java.util.HashMap", "java.util.List", "java.util.Map", "javax.annotation.Resource", "javax.servlet.http.HttpServletRequest", "javax.servlet.http.HttpServletResponse", "org.apache.commons.logging.Log", "org.apache.commons.logging.LogFactory", "org.apache.poi.hssf.usermodel.HSSFCell", "org.apache.poi.hssf.usermodel.HSSFDataFormat", "org.apache.poi.hssf.usermodel.HSSFFormulaEvaluator", "org.apache.poi.hssf.usermodel.HSSFRow", "org.apache.poi.hssf.usermodel.HSSFSheet", "org.apache.poi.hssf.usermodel.HSSFWorkbook", "org.apache.poi.hssf.util.HSSFColor", "org.apache.poi.ss.usermodel.Cell", "org.apache.poi.ss.usermodel.CellStyle", "org.apache.poi.ss.usermodel.Font", "org.apache.poi.ss.usermodel.Row", "org.apache.poi.ss.usermodel.Sheet", "org.apache.poi.ss.usermodel.Workbook", "org.apache.poi.ss.usermodel.WorkbookFactory", "org.apache.poi.ss.util.CellRangeAddress", "org.apache.poi.xssf.usermodel.XSSFCell", "org.apache.poi.xssf.usermodel.XSSFRow", "org.apache.poi.xssf.usermodel.XSSFSheet", "org.apache.poi.xssf.usermodel.XSSFWorkbook", "org.springframework.beans.factory.annotation.Autowired", "org.springframework.beans.factory.annotation.Value", "org.springframework.security.crypto.bcrypt.BCryptPasswordEncoder", "org.springframework.stereotype.Service", "org.springframework.web.multipart.MultipartFile", "org.springframework.web.multipart.MultipartHttpServletRequest", "com.uni.sellers.admin.AdminDAO", "com.uni.sellers.clientmanagement.ClientManagementDAO", "com.uni.sellers.common.CommonDAO", "com.uni.sellers.datasource.CommandMap", "com.uni.sellers.logger.LoggerAspect", "com.uni.sellers.salesmanagement.SalesManagementDAO", "com.uni.sellers.salesmanagement.SalesManagementService", "com.uni.sellers.util.CommonDateUtils", "com.uni.sellers.util.CommonUtils", "java.text.SimpleDateFormat", "java.util.Date", "java.util.Locale"], "PoiService": "PoiService"}, "src/com/uni/sellers/restful/ApplicationCustomAuthenticationProvider.java": {"package": "com.uni.sellers.restful", "import": ["java.util.ArrayList", "java.util.HashMap", "java.util.List", "java.util.Map", "javax.annotation.Resource", "org.slf4j.Logger", "org.slf4j.LoggerFactory", "org.springframework.beans.factory.annotation.Autowired", "org.springframework.security.access.AccessDeniedException", "org.springframework.security.authentication.UsernamePasswordAuthenticationToken", "org.springframework.security.core.Authentication", "org.springframework.security.core.AuthenticationException", "org.springframework.security.core.GrantedAuthority", "org.springframework.security.core.authority.SimpleGrantedAuthority", "org.springframework.security.crypto.bcrypt.BCryptPasswordEncoder", "org.springframework.stereotype.Component", "com.uni.sellers.common.CommonDAO"], "ApplicationCustomAuthenticationProvider": "ApplicationCustomAuthenticationProvider"}, "src/com/uni/sellers/restful/Dispatcher.java": {"package": "com.uni.sellers.restful", "import": ["java.io.BufferedReader", "java.io.IOException", "java.io.InputStream", "java.io.InputStreamReader", "java.util.Enumeration", "java.util.HashMap", "java.util.Map", "javax.servlet.ServletException", "javax.servlet.http.HttpServlet", "javax.servlet.http.HttpServletRequest", "javax.servlet.http.HttpServletResponse", "org.json.simple.JSONObject", "org.codehaus.jackson.map.ObjectMapper", "org.json.simple.JSONArray", "org.json.simple.parser.ParseException", "org.json.simple.parser.JSONParser"], "Dispatcher": "Dispatcher"}, "src/com/uni/sellers/restful/RestfulController.java": {"package": "com.uni.sellers.restful", "import": ["java.util.Map", "javax.annotation.Resource", "javax.servlet.http.HttpServletRequest", "javax.servlet.http.HttpServletResponse", "javax.servlet.http.HttpSession", "org.slf4j.Logger", "org.slf4j.LoggerFactory", "org.springframework.beans.factory.annotation.Autowired", "org.springframework.security.authentication.UsernamePasswordAuthenticationToken", "org.springframework.security.core.Authentication", "org.springframework.security.core.context.SecurityContextHolder", "org.springframework.security.crypto.bcrypt.BCryptPasswordEncoder", "org.springframework.web.bind.annotation.RequestMapping", "org.springframework.web.bind.annotation.RequestMethod", "org.springframework.web.bind.annotation.ResponseBody", "org.springframework.web.bind.annotation.RestController", "org.springframework.web.servlet.ModelAndView", "com.uni.sellers.common.CommonDAO", "com.uni.sellers.common.CommonService", "com.uni.sellers.main.MainService", "com.uni.sellers.security.CustomAuthenticationSuccessHandler", "io.swagger.annotations.ApiOperation"], "RestfulController": "RestfulController"}, "src/com/uni/sellers/restful/RestfulDAO.java": {"package": "com.uni.sellers.restful", "import": ["java.util.List", "java.util.Map", "org.springframework.stereotype.Repository", "com.uni.sellers.datasource.AbstractDAO"], "RestfulDAO": "RestfulDAO"}, "src/com/uni/sellers/restful/RestfulService.java": {"package": "com.uni.sellers.restful", "import": ["java.util.HashMap", "java.util.List", "java.util.Map", "javax.annotation.Resource", "javax.servlet.http.Cookie", "javax.servlet.http.HttpServletRequest", "javax.servlet.http.HttpServletResponse", "org.slf4j.Logger", "org.slf4j.LoggerFactory", "org.springframework.beans.factory.annotation.Value", "org.springframework.security.authentication.UsernamePasswordAuthenticationToken", "org.springframework.security.core.Authentication", "org.springframework.security.core.context.SecurityContextHolder", "org.springframework.security.web.DefaultRedirectStrategy", "org.springframework.security.web.RedirectStrategy", "org.springframework.security.web.savedrequest.HttpSessionRequestCache", "org.springframework.security.web.savedrequest.RequestCache", "org.springframework.stereotype.Service", "com.uni.sellers.common.CommonAppSecurity", "com.uni.sellers.common.CommonService", "com.uni.sellers.security.CustomAuthenticationSuccessHandler"], "RestfulService": "RestfulService"}, "src/com/uni/sellers/restful/SimpleCorsFilter.java": {"package": "com.uni.sellers.restful", "import": ["java.io.IOException", "javax.servlet.Filter", "javax.servlet.FilterChain", "javax.servlet.FilterConfig", "javax.servlet.ServletException", "javax.servlet.ServletRequest", "javax.servlet.ServletResponse", "javax.servlet.http.HttpServletResponse"], "SimpleCorsFilter": "SimpleCorsFilter"}, "src/com/uni/sellers/salesmanagement/SalesManagementController.java": {"package": "com.uni.sellers.salesmanagement", "import": ["java.util.ArrayList", "java.util.Calendar", "java.util.HashMap", "java.util.List", "java.util.Map", "javax.annotation.Resource", "javax.servlet.http.HttpServletRequest", "javax.servlet.http.HttpServletResponse", "org.slf4j.Logger", "org.slf4j.LoggerFactory", "org.springframework.stereotype.Controller", "org.springframework.web.bind.annotation.RequestMapping", "org.springframework.web.servlet.ModelAndView", "com.uni.sellers.common.CommonDAO", "com.uni.sellers.datasource.CommandMap", "com.uni.sellers.util.CommonUtils"], "SalesManagementController": "SalesManagementController"}, "src/com/uni/sellers/salesmanagement/SalesManagementDAO.java": {"package": "com.uni.sellers.salesmanagement", "import": ["java.util.HashMap", "java.util.List", "java.util.Map", "org.springframework.stereotype.Repository", "com.uni.sellers.datasource.AbstractDAO"], "SalesManagementDAO": "SalesManagementDAO"}, "src/com/uni/sellers/salesmanagement/SalesManagementService.java": {"package": "com.uni.sellers.salesmanagement", "import": ["java.math.BigDecimal", "java.util.ArrayList", "java.util.HashMap", "java.util.List", "java.util.Map", "javax.annotation.Resource", "javax.servlet.http.HttpServletRequest", "org.slf4j.Logger", "org.slf4j.LoggerFactory", "org.springframework.stereotype.Service", "com.uni.sellers.common.CommonDAO", "com.uni.sellers.util.CommonFileUtils"], "SalesManagementService": "SalesManagementService"}, "src/com/uni/sellers/security/AuthenticationFilterAnotherParam.java": {"package": "com.uni.sellers.security", "import": ["java.io.IOException", "javax.servlet.FilterChain", "javax.servlet.ServletException", "javax.servlet.http.HttpServletRequest", "javax.servlet.http.HttpServletResponse", "org.springframework.beans.factory.annotation.Autowired", "org.springframework.security.authentication.AuthenticationManager", "org.springframework.security.core.Authentication", "org.springframework.security.core.AuthenticationException", "org.springframework.security.web.authentication.AuthenticationFailureHandler", "org.springframework.security.web.authentication.AuthenticationSuccessHandler", "org.springframework.security.web.authentication.SimpleUrlAuthenticationFailureHandler", "org.springframework.security.web.authentication.SimpleUrlAuthenticationSuccessHandler", "org.springframework.security.web.authentication.UsernamePasswordAuthenticationFilter"], "AuthenticationFilterAnotherParam": "AuthenticationFilterAnotherParam"}, "src/com/uni/sellers/security/CustomAuthenticationProvider.java": {"package": "com.uni.sellers.security", "import": ["java.util.ArrayList", "java.util.HashMap", "java.util.List", "java.util.Map", "javax.annotation.Resource", "javax.servlet.http.HttpServletRequest", "javax.servlet.http.HttpSession", "org.slf4j.Logger", "org.slf4j.LoggerFactory", "org.springframework.beans.factory.annotation.Autowired", "org.springframework.security.access.AccessDeniedException", "org.springframework.security.authentication.AuthenticationProvider", "org.springframework.security.authentication.BadCredentialsException", "org.springframework.security.authentication.UsernamePasswordAuthenticationToken", "org.springframework.security.core.Authentication", "org.springframework.security.core.AuthenticationException", "org.springframework.security.core.GrantedAuthority", "org.springframework.security.core.authority.SimpleGrantedAuthority", "org.springframework.security.crypto.bcrypt.BCryptPasswordEncoder", "com.uni.sellers.common.CommonDAO", "com.uni.sellers.datasource.CommandMap"], "CustomAuthenticationProvider": "CustomAuthenticationProvider"}, "src/com/uni/sellers/security/CustomAuthenticationSuccessHandler.java": {"package": "com.uni.sellers.security", "import": ["java.io.IOException", "java.io.InputStream", "java.net.URLEncoder", "java.util.ArrayList", "java.util.Base64", "java.util.Base64.Encoder", "java.util.HashMap", "java.util.List", "java.util.Map", "javax.annotation.Resource", "javax.servlet.ServletContext", "javax.servlet.ServletException", "javax.servlet.http.Cookie", "javax.servlet.http.HttpServletRequest", "javax.servlet.http.HttpServletResponse", "javax.servlet.http.HttpSession", "org.apache.http.HttpEntity", "org.apache.http.HttpResponse", "org.apache.http.NameValuePair", "org.apache.http.client.HttpClient", "org.apache.http.client.entity.UrlEncodedFormEntity", "org.apache.http.client.methods.HttpPost", "org.apache.http.impl.client.DefaultHttpClient", "org.apache.http.message.BasicNameValuePair", "org.keycloak.OAuth2Constants", "org.keycloak.adapters.KeycloakDeployment", "org.keycloak.adapters.KeycloakDeploymentBuilder", "org.keycloak.adapters.authentication.ClientCredentialsProviderUtils", "org.keycloak.adapters.rotation.AdapterTokenVerifier", "org.keycloak.common.VerificationException", "org.keycloak.common.util.StreamUtil", "org.keycloak.representations.AccessToken", "org.keycloak.representations.AccessTokenResponse", "org.keycloak.util.JsonSerialization", "org.slf4j.Logger", "org.slf4j.LoggerFactory", "org.springframework.mobile.device.Device", "org.springframework.security.core.Authentication", "org.springframework.security.core.context.SecurityContextHolder", "org.springframework.security.web.DefaultRedirectStrategy", "org.springframework.security.web.RedirectStrategy", "org.springframework.security.web.WebAttributes", "org.springframework.security.web.authentication.AuthenticationSuccessHandler", "org.springframework.security.web.savedrequest.HttpSessionRequestCache", "org.springframework.security.web.savedrequest.RequestCache", "org.springframework.security.web.savedrequest.SavedRequest", "org.springframework.util.StringUtils", "com.uni.sellers.common.CommonService", "com.uni.sellers.datasource.CommandMap", "com.uni.sellers.util.CommonUtils"], "CustomAuthenticationSuccessHandler": "CustomAuthenticationSuccessHandler"}, "src/com/uni/sellers/security/CustomLogoutHandler.java": {"package": "com.uni.sellers.security", "import": ["java.io.IOException", "java.util.HashMap", "java.util.Map", "javax.servlet.ServletException", "javax.servlet.http.HttpServletRequest", "javax.servlet.http.HttpServletResponse", "javax.servlet.http.HttpSession", "org.slf4j.Logger", "org.slf4j.LoggerFactory", "org.springframework.beans.factory.annotation.Value", "org.springframework.context.ApplicationContext", "org.springframework.security.core.Authentication", "org.springframework.security.web.authentication.logout.SimpleUrlLogoutSuccessHandler", "org.springframework.web.context.support.WebApplicationContextUtils", "com.uni.sellers.common.CommonService"], "CustomLogoutHandler": "CustomLogoutHandler"}, "src/com/uni/sellers/security/CustomLogoutListener.java": {"package": "com.uni.sellers.security", "import": ["java.util.HashMap", "java.util.Map", "javax.servlet.http.HttpSession", "javax.servlet.http.HttpSessionEvent", "javax.servlet.http.HttpSessionListener", "org.slf4j.Logger", "org.slf4j.LoggerFactory", "org.springframework.context.ApplicationContext", "org.springframework.web.context.support.WebApplicationContextUtils", "com.uni.sellers.common.CommonService"], "CustomLogoutListener": "CustomLogoutListener"}, "src/com/uni/sellers/security/DefaultFilterInvocationSecurityMetadataSource.java": {"package": "com.uni.sellers.security", "import": ["java.util.Collection", "java.util.LinkedHashMap", "java.util.Map", "org.slf4j.Logger", "org.slf4j.LoggerFactory", "org.springframework.security.access.ConfigAttribute", "org.springframework.security.web.access.intercept.FilterInvocationSecurityMetadataSource", "org.springframework.security.web.util.matcher.RequestMatcher"], "DefaultFilterInvocationSecurityMetadataSource": "DefaultFilterInvocationSecurityMetadataSource"}, "src/com/uni/sellers/security/ReloadableFilterInvocationSecurityMetadataSource.java": {"package": "com.uni.sellers.security", "import": ["java.util.Collection", "java.util.HashSet", "java.util.Iterator", "java.util.LinkedHashMap", "java.util.List", "java.util.Map", "java.util.Map.Entry", "java.util.Set", "javax.servlet.http.HttpServletRequest", "org.slf4j.Logger", "org.slf4j.LoggerFactory", "org.springframework.security.access.ConfigAttribute", "org.springframework.security.web.FilterInvocation", "org.springframework.security.web.access.intercept.FilterInvocationSecurityMetadataSource", "org.springframework.security.web.util.matcher.RequestMatcher"], "ReloadableFilterInvocationSecurityMetadataSource": "ReloadableFilterInvocationSecurityMetadataSource"}, "src/com/uni/sellers/security/SecuredObjectService.java": {"package": "com.uni.sellers.security", "import": ["java.util.Iterator", "java.util.LinkedHashMap", "java.util.LinkedList", "java.util.List", "java.util.Map", "javax.annotation.Resource", "org.slf4j.Logger", "org.slf4j.LoggerFactory", "org.springframework.security.access.ConfigAttribute", "org.springframework.security.access.SecurityConfig", "org.springframework.security.web.util.matcher.AntPathRequestMatcher", "org.springframework.security.web.util.matcher.RequestMatcher", "com.uni.sellers.common.CommonDAO"], "SecuredObjectService": "SecuredObjectService"}, "src/com/uni/sellers/security/UrlResourcesMapFactoryBean.java": {"package": "com.uni.sellers.security", "import": ["java.util.LinkedHashMap", "java.util.List", "org.slf4j.Logger", "org.slf4j.LoggerFactory", "org.springframework.beans.factory.FactoryBean", "org.springframework.security.access.ConfigAttribute", "org.springframework.security.web.util.matcher.RequestMatcher"], "UrlResourcesMapFactoryBean": "UrlResourcesMapFactoryBean"}, "src/com/uni/sellers/tracking/TrackingController.java": {"package": "com.uni.sellers.tracking", "import": ["java.util.List", "java.util.Map", "javax.annotation.Resource", "javax.servlet.http.HttpServletRequest", "org.slf4j.Logger", "org.slf4j.LoggerFactory", "org.springframework.stereotype.Controller", "org.springframework.web.bind.annotation.RequestMapping", "org.springframework.web.servlet.ModelAndView", "com.uni.sellers.common.CommonDAO", "com.uni.sellers.datasource.CommandMap"], "TrackingController": "TrackingController"}, "src/com/uni/sellers/tracking/TrackingDAO.java": {"package": "com.uni.sellers.tracking", "import": ["java.util.List", "java.util.Map", "org.springframework.stereotype.Repository", "com.uni.sellers.datasource.AbstractDAO"], "TrackingDAO": "TrackingDAO"}, "src/com/uni/sellers/tracking/TrackingService.java": {"package": "com.uni.sellers.tracking", "import": ["java.util.ArrayList", "java.util.Arrays", "java.util.Date", "java.util.HashMap", "java.util.HashSet", "java.util.List", "java.util.Map", "javax.annotation.Resource", "org.slf4j.Logger", "org.slf4j.LoggerFactory", "org.springframework.beans.factory.annotation.Value", "org.springframework.stereotype.Service", "com.uni.sellers.calendar.CalendarService", "com.uni.sellers.clientsalesactive.ClientSalesActiveDAO", "com.uni.sellers.common.CommonDAO", "com.uni.sellers.common.CommonMailService", "com.uni.sellers.fcm.FirebaseCloudMessagingService", "com.uni.sellers.restful.RestfulDAO", "com.uni.sellers.util.CommonDateUtils", "com.uni.sellers.util.CommonFileUtils", "com.uni.sellers.util.CommonUtils"], "TrackingService": "TrackingService"}, "src/com/uni/sellers/util/CommonDateUtils.java": {"package": "com.uni.sellers.util", "import": ["java.text.ParseException", "java.text.SimpleDateFormat", "java.util.Calendar", "java.util.Date", "java.util.GregorianCalendar", "java.util.Locale"], "CommonDateUtils": "CommonDateUtils"}, "src/com/uni/sellers/util/CommonFileUtils.java": {"package": "com.uni.sellers.util", "import": ["java.io.BufferedReader", "java.io.BufferedWriter", "java.io.File", "java.io.FileNotFoundException", "java.io.FileOutputStream", "java.io.FileReader", "java.io.FileWriter", "java.io.IOException", "java.io.InputStream", "java.net.URL", "java.net.URLEncoder", "java.text.SimpleDateFormat", "java.util.ArrayList", "java.util.Date", "java.util.HashMap", "java.util.List", "java.util.Map", "java.util.TimeZone", "javax.servlet.http.HttpServletRequest", "javax.servlet.http.HttpServletResponse", "org.apache.commons.io.FileUtils", "org.slf4j.Logger", "org.slf4j.LoggerFactory", "org.springframework.beans.factory.annotation.Value", "org.springframework.stereotype.Component", "org.springframework.web.multipart.MultipartFile", "org.springframework.web.multipart.MultipartHttpServletRequest", "com.fasterxml.jackson.core.type.TypeReference", "com.fasterxml.jackson.databind.ObjectMapper"], "CommonFileUtils": "CommonFileUtils"}, "src/com/uni/sellers/util/CommonSchedule.java": {"package": "com.uni.sellers.util", "import": ["org.springframework.stereotype.Component"], "CommonSchedule": "CommonSchedule"}, "src/com/uni/sellers/util/CommonUtils.java": {"package": "com.uni.sellers.util", "import": ["java.io.IOException", "java.net.Inet6Address", "java.net.InetAddress", "java.net.NetworkInterface", "java.net.SocketException", "java.text.SimpleDateFormat", "java.util.ArrayList", "java.util.Date", "java.util.Enumeration", "java.util.HashMap", "java.util.List", "java.util.Map", "java.util.UUID", "javax.servlet.http.HttpServletRequest", "org.json.simple.JSONArray", "org.json.simple.parser.JSONParser", "org.springframework.web.context.ContextLoaderListener", "org.springframework.web.context.request.RequestContextHolder", "org.springframework.web.context.request.ServletRequestAttributes", "com.fasterxml.jackson.core.JsonParseException", "com.fasterxml.jackson.core.type.TypeReference", "com.fasterxml.jackson.databind.JsonMappingException", "com.fasterxml.jackson.databind.ObjectMapper"], "CommonUtils": "CommonUtils"}}, "Dup_Class": {}, "Version": "v2.0.0r40", "Enums": {}, "FQCN": {"com.uni.sellers.admin.AdminController": ["AdminController"], "com.uni.sellers.admin.AdminService": ["AdminService"], "com.uni.sellers.admin.AdminDAO": ["AdminDAO"], "com.uni.sellers.bizstrategy.BizStrategyController": ["BizStrategyController"], "com.uni.sellers.bizstrategy.BizStrategyDAO": ["BizStrategyDAO"], "com.uni.sellers.bizstrategy.BizStrategyService": ["BizStrategyService"], "com.uni.sellers.calendar.CalendarController": ["CalendarController"], "com.uni.sellers.calendar.CalendarDAO": ["CalendarDAO"], "com.uni.sellers.calendar.CalendarService": ["CalendarService"], "com.uni.sellers.calendar.ExCalendarConnect": ["ExCalendarConnect"], "com.uni.sellers.calendar.GoogleCalendarService": ["GoogleCalendarService"], "com.uni.sellers.clientmanagement.ClientManagementController": ["ClientManagementController"], "com.uni.sellers.clientmanagement.ClientManagementDAO": ["ClientManagementDAO"], "com.uni.sellers.clientmanagement.ClientManagementService": ["ClientManagementService"], "com.uni.sellers.clientsalesactive.ClientSalesActiveController": ["ClientSalesActiveController"], "com.uni.sellers.clientsalesactive.ClientSalesActiveDAO": ["ClientSalesActiveDAO"], "com.uni.sellers.clientsalesactive.ClientSalesActiveService": ["ClientSalesActiveService"], "com.uni.sellers.clientsatisfaction.ClientSatisfactionController": ["ClientSatisfactionController"], "com.uni.sellers.clientsatisfaction.ClientSatisfactionDAO": ["ClientSatisfactionDAO"], "com.uni.sellers.clientsatisfaction.ClientSatisfactionService": ["ClientSatisfactionService"], "com.uni.sellers.common.CommonAppSecurity": ["CommonAppSecurity"], "com.uni.sellers.common.CommonController": ["CommonController"], "com.uni.sellers.common.CommonDAO": ["CommonDAO"], "com.uni.sellers.common.CommonHTTPClient": ["CommonHTTPClient"], "com.uni.sellers.common.CommonInterceptor": ["CommonInterceptor"], "com.uni.sellers.common.CommonMailEventGui": ["CommonMailEventGui"], "com.uni.sellers.common.CommonMailService": ["CommonMailService"], "com.uni.sellers.common.CommonServerInit": ["CommonServerInit"], "com.uni.sellers.common.CommonService": ["CommonService"], "com.uni.sellers.dashBoard.DashBoardController": ["DashBoardController"], "com.uni.sellers.datasource.AbstractMsDAO": ["AbstractMsDAO"], "com.uni.sellers.datasource.AbstractDAO": ["AbstractDAO"], "com.uni.sellers.datasource.CommandMap": ["CommandMap"], "com.uni.sellers.datasource.CustomMapArgumentResolver": ["CustomMapArgumentResolver"], "com.uni.sellers.etc.EtcController": ["EtcController"], "com.uni.sellers.etc.EtcDAO": ["EtcDAO"], "com.uni.sellers.etc.EtcService": ["EtcService"], "com.uni.sellers.fcm.FirebaseCloudMessagingController": ["FirebaseCloudMessagingController"], "com.uni.sellers.fcm.FirebaseCloudMessagingService": ["FirebaseCloudMessagingService"], "com.uni.sellers.logger.LoggerAspect": ["LoggerAspect"], "com.uni.sellers.logger.ProceedAdvice": ["ProceedAdvice"], "com.uni.sellers.main.MainController": ["MainController"], "com.uni.sellers.main.MainDAO": ["MainDAO"], "com.uni.sellers.main.MainService": ["MainService"], "com.uni.sellers.main.MainService.$DateCompare": ["MainService::DateCompare"], "com.uni.sellers.partnermanagement.PartnerManagementController": ["PartnerManagementController"], "com.uni.sellers.partnermanagement.PartnerManagementDAO": ["PartnerManagementDAO"], "com.uni.sellers.partnermanagement.PartnerManagementService": ["PartnerManagementService"], "com.uni.sellers.poi.PoiController": ["PoiController"], "com.uni.sellers.poi.PoiDAO": ["PoiDAO"], "com.uni.sellers.poi.PoiService": ["PoiService"], "com.uni.sellers.restful.ApplicationCustomAuthenticationProvider": ["ApplicationCustomAuthenticationProvider"], "com.uni.sellers.restful.Dispatcher": ["Dispatcher"], "com.uni.sellers.restful.RestfulController": ["RestfulController"], "com.uni.sellers.restful.RestfulDAO": ["RestfulDAO"], "com.uni.sellers.restful.RestfulService": ["RestfulService"], "com.uni.sellers.restful.SimpleCorsFilter": ["SimpleCorsFilter"], "com.uni.sellers.salesmanagement.SalesManagementController": ["SalesManagementController"], "com.uni.sellers.salesmanagement.SalesManagementDAO": ["SalesManagementDAO"], "com.uni.sellers.salesmanagement.SalesManagementService": ["SalesManagementService"], "com.uni.sellers.security.AuthenticationFilterAnotherParam": ["AuthenticationFilterAnotherParam"], "com.uni.sellers.security.CustomAuthenticationProvider": ["CustomAuthenticationProvider"], "com.uni.sellers.security.CustomAuthenticationSuccessHandler": ["CustomAuthenticationSuccessHandler"], "com.uni.sellers.security.CustomLogoutHandler": ["CustomLogoutHandler"], "com.uni.sellers.security.CustomLogoutListener": ["CustomLogoutListener"], "com.uni.sellers.security.DefaultFilterInvocationSecurityMetadataSource": ["DefaultFilterInvocationSecurityMetadataSource"], "com.uni.sellers.security.ReloadableFilterInvocationSecurityMetadataSource": ["ReloadableFilterInvocationSecurityMetadataSource"], "com.uni.sellers.security.SecuredObjectService": ["SecuredObjectService"], "com.uni.sellers.security.UrlResourcesMapFactoryBean": ["UrlResourcesMapFactoryBean"], "com.uni.sellers.tracking.TrackingController": ["TrackingController"], "com.uni.sellers.tracking.TrackingDAO": ["TrackingDAO"], "com.uni.sellers.tracking.TrackingService": ["TrackingService"], "com.uni.sellers.util.CommonDateUtils": ["CommonDateUtils"], "com.uni.sellers.util.CommonFileUtils": ["CommonFileUtils"], "com.uni.sellers.util.CommonSchedule": ["CommonSchedule"], "com.uni.sellers.util.CommonUtils": ["CommonUtils"]}, "Jparser": {"src/com/uni/sellers/admin/AdminController.java": {"com.uni.sellers.admin.AdminController": "AdminController"}, "src/com/uni/sellers/admin/AdminService.java": {"com.uni.sellers.admin.AdminService": "AdminService"}, "src/com/uni/sellers/admin/AdminDAO.java": {"com.uni.sellers.admin.AdminDAO": "AdminDAO"}, "src/com/uni/sellers/bizstrategy/BizStrategyController.java": {"com.uni.sellers.bizstrategy.BizStrategyController": "BizStrategyController"}, "src/com/uni/sellers/bizstrategy/BizStrategyDAO.java": {"com.uni.sellers.bizstrategy.BizStrategyDAO": "BizStrategyDAO"}, "src/com/uni/sellers/bizstrategy/BizStrategyService.java": {"com.uni.sellers.bizstrategy.BizStrategyService": "BizStrategyService"}, "src/com/uni/sellers/calendar/CalendarController.java": {"com.uni.sellers.calendar.CalendarController": "CalendarController"}, "src/com/uni/sellers/calendar/CalendarDAO.java": {"com.uni.sellers.calendar.CalendarDAO": "CalendarDAO"}, "src/com/uni/sellers/calendar/CalendarService.java": {"com.uni.sellers.calendar.CalendarService": "CalendarService"}, "src/com/uni/sellers/calendar/ExCalendarConnect.java": {"com.uni.sellers.calendar.ExCalendarConnect": "ExCalendarConnect"}, "src/com/uni/sellers/calendar/GoogleCalendarService.java": {"com.uni.sellers.calendar.GoogleCalendarService": "GoogleCalendarService"}, "src/com/uni/sellers/clientmanagement/ClientManagementController.java": {"com.uni.sellers.clientmanagement.ClientManagementController": "ClientManagementController"}, "src/com/uni/sellers/clientmanagement/ClientManagementDAO.java": {"com.uni.sellers.clientmanagement.ClientManagementDAO": "ClientManagementDAO"}, "src/com/uni/sellers/clientmanagement/ClientManagementService.java": {"com.uni.sellers.clientmanagement.ClientManagementService": "ClientManagementService"}, "src/com/uni/sellers/clientsalesactive/ClientSalesActiveController.java": {"com.uni.sellers.clientsalesactive.ClientSalesActiveController": "ClientSalesActiveController"}, "src/com/uni/sellers/clientsalesactive/ClientSalesActiveDAO.java": {"com.uni.sellers.clientsalesactive.ClientSalesActiveDAO": "ClientSalesActiveDAO"}, "src/com/uni/sellers/clientsalesactive/ClientSalesActiveService.java": {"com.uni.sellers.clientsalesactive.ClientSalesActiveService": "ClientSalesActiveService"}, "src/com/uni/sellers/clientsatisfaction/ClientSatisfactionController.java": {"com.uni.sellers.clientsatisfaction.ClientSatisfactionController": "ClientSatisfactionController"}, "src/com/uni/sellers/clientsatisfaction/ClientSatisfactionDAO.java": {"com.uni.sellers.clientsatisfaction.ClientSatisfactionDAO": "ClientSatisfactionDAO"}, "src/com/uni/sellers/clientsatisfaction/ClientSatisfactionService.java": {"com.uni.sellers.clientsatisfaction.ClientSatisfactionService": "ClientSatisfactionService"}, "src/com/uni/sellers/common/CommonAppSecurity.java": {"com.uni.sellers.common.CommonAppSecurity": "CommonAppSecurity"}, "src/com/uni/sellers/common/CommonController.java": {"com.uni.sellers.common.CommonController": "CommonController"}, "src/com/uni/sellers/common/CommonDAO.java": {"com.uni.sellers.common.CommonDAO": "CommonDAO"}, "src/com/uni/sellers/common/CommonHTTPClient.java": {"com.uni.sellers.common.CommonHTTPClient": "CommonHTTPClient"}, "src/com/uni/sellers/common/CommonInterceptor.java": {"com.uni.sellers.common.CommonInterceptor": "CommonInterceptor"}, "src/com/uni/sellers/common/CommonMailEventGui.java": {"com.uni.sellers.common.CommonMailEventGui": "CommonMailEventGui"}, "src/com/uni/sellers/common/CommonMailService.java": {"com.uni.sellers.common.CommonMailService": "CommonMailService"}, "src/com/uni/sellers/common/CommonServerInit.java": {"com.uni.sellers.common.CommonServerInit": "CommonServerInit"}, "src/com/uni/sellers/common/CommonService.java": {"com.uni.sellers.common.CommonService": "CommonService"}, "src/com/uni/sellers/dashBoard/DashBoardController.java": {"com.uni.sellers.dashBoard.DashBoardController": "DashBoardController"}, "src/com/uni/sellers/datasource/AbstractMsDAO.java": {"com.uni.sellers.datasource.AbstractMsDAO": "AbstractMsDAO"}, "src/com/uni/sellers/datasource/AbstractDAO.java": {"com.uni.sellers.datasource.AbstractDAO": "AbstractDAO"}, "src/com/uni/sellers/datasource/CommandMap.java": {"com.uni.sellers.datasource.CommandMap": "CommandMap"}, "src/com/uni/sellers/datasource/CustomMapArgumentResolver.java": {"com.uni.sellers.datasource.CustomMapArgumentResolver": "CustomMapArgumentResolver"}, "src/com/uni/sellers/etc/EtcController.java": {"com.uni.sellers.etc.EtcController": "EtcController"}, "src/com/uni/sellers/etc/EtcDAO.java": {"com.uni.sellers.etc.EtcDAO": "EtcDAO"}, "src/com/uni/sellers/etc/EtcService.java": {"com.uni.sellers.etc.EtcService": "EtcService"}, "src/com/uni/sellers/fcm/FirebaseCloudMessagingController.java": {"com.uni.sellers.fcm.FirebaseCloudMessagingController": "FirebaseCloudMessagingController"}, "src/com/uni/sellers/fcm/FirebaseCloudMessagingService.java": {"com.uni.sellers.fcm.FirebaseCloudMessagingService": "FirebaseCloudMessagingService"}, "src/com/uni/sellers/logger/LoggerAspect.java": {"com.uni.sellers.logger.LoggerAspect": "LoggerAspect"}, "src/com/uni/sellers/logger/ProceedAdvice.java": {"com.uni.sellers.logger.ProceedAdvice": "ProceedAdvice"}, "src/com/uni/sellers/main/MainController.java": {"com.uni.sellers.main.MainController": "MainController"}, "src/com/uni/sellers/main/MainDAO.java": {"com.uni.sellers.main.MainDAO": "MainDAO"}, "src/com/uni/sellers/main/MainService.java": {"com.uni.sellers.main.MainService": "MainService", "com.uni.sellers.main.MainService.DateCompare": "MainService::DateCompare"}, "src/com/uni/sellers/partnermanagement/PartnerManagementController.java": {"com.uni.sellers.partnermanagement.PartnerManagementController": "PartnerManagementController"}, "src/com/uni/sellers/partnermanagement/PartnerManagementDAO.java": {"com.uni.sellers.partnermanagement.PartnerManagementDAO": "PartnerManagementDAO"}, "src/com/uni/sellers/partnermanagement/PartnerManagementService.java": {"com.uni.sellers.partnermanagement.PartnerManagementService": "PartnerManagementService"}, "src/com/uni/sellers/poi/PoiController.java": {"com.uni.sellers.poi.PoiController": "PoiController"}, "src/com/uni/sellers/poi/PoiDAO.java": {"com.uni.sellers.poi.PoiDAO": "PoiDAO"}, "src/com/uni/sellers/poi/PoiService.java": {"com.uni.sellers.poi.PoiService": "PoiService"}, "src/com/uni/sellers/restful/ApplicationCustomAuthenticationProvider.java": {"com.uni.sellers.restful.ApplicationCustomAuthenticationProvider": "ApplicationCustomAuthenticationProvider"}, "src/com/uni/sellers/restful/Dispatcher.java": {"com.uni.sellers.restful.Dispatcher": "Dispatcher"}, "src/com/uni/sellers/restful/RestfulController.java": {"com.uni.sellers.restful.RestfulController": "RestfulController"}, "src/com/uni/sellers/restful/RestfulDAO.java": {"com.uni.sellers.restful.RestfulDAO": "RestfulDAO"}, "src/com/uni/sellers/restful/RestfulService.java": {"com.uni.sellers.restful.RestfulService": "RestfulService"}, "src/com/uni/sellers/restful/SimpleCorsFilter.java": {"com.uni.sellers.restful.SimpleCorsFilter": "SimpleCorsFilter"}, "src/com/uni/sellers/salesmanagement/SalesManagementController.java": {"com.uni.sellers.salesmanagement.SalesManagementController": "SalesManagementController"}, "src/com/uni/sellers/salesmanagement/SalesManagementDAO.java": {"com.uni.sellers.salesmanagement.SalesManagementDAO": "SalesManagementDAO"}, "src/com/uni/sellers/salesmanagement/SalesManagementService.java": {"com.uni.sellers.salesmanagement.SalesManagementService": "SalesManagementService"}, "src/com/uni/sellers/security/AuthenticationFilterAnotherParam.java": {"com.uni.sellers.security.AuthenticationFilterAnotherParam": "AuthenticationFilterAnotherParam"}, "src/com/uni/sellers/security/CustomAuthenticationProvider.java": {"com.uni.sellers.security.CustomAuthenticationProvider": "CustomAuthenticationProvider"}, "src/com/uni/sellers/security/CustomAuthenticationSuccessHandler.java": {"com.uni.sellers.security.CustomAuthenticationSuccessHandler": "CustomAuthenticationSuccessHandler"}, "src/com/uni/sellers/security/CustomLogoutHandler.java": {"com.uni.sellers.security.CustomLogoutHandler": "CustomLogoutHandler"}, "src/com/uni/sellers/security/CustomLogoutListener.java": {"com.uni.sellers.security.CustomLogoutListener": "CustomLogoutListener"}, "src/com/uni/sellers/security/DefaultFilterInvocationSecurityMetadataSource.java": {"com.uni.sellers.security.DefaultFilterInvocationSecurityMetadataSource": "DefaultFilterInvocationSecurityMetadataSource"}, "src/com/uni/sellers/security/ReloadableFilterInvocationSecurityMetadataSource.java": {"com.uni.sellers.security.ReloadableFilterInvocationSecurityMetadataSource": "ReloadableFilterInvocationSecurityMetadataSource"}, "src/com/uni/sellers/security/SecuredObjectService.java": {"com.uni.sellers.security.SecuredObjectService": "SecuredObjectService"}, "src/com/uni/sellers/security/UrlResourcesMapFactoryBean.java": {"com.uni.sellers.security.UrlResourcesMapFactoryBean": "UrlResourcesMapFactoryBean"}, "src/com/uni/sellers/tracking/TrackingController.java": {"com.uni.sellers.tracking.TrackingController": "TrackingController"}, "src/com/uni/sellers/tracking/TrackingDAO.java": {"com.uni.sellers.tracking.TrackingDAO": "TrackingDAO"}, "src/com/uni/sellers/tracking/TrackingService.java": {"com.uni.sellers.tracking.TrackingService": "TrackingService"}, "src/com/uni/sellers/util/CommonDateUtils.java": {"com.uni.sellers.util.CommonDateUtils": "CommonDateUtils"}, "src/com/uni/sellers/util/CommonFileUtils.java": {"com.uni.sellers.util.CommonFileUtils": "CommonFileUtils"}, "src/com/uni/sellers/util/CommonSchedule.java": {"com.uni.sellers.util.CommonSchedule": "CommonSchedule"}, "src/com/uni/sellers/util/CommonUtils.java": {"com.uni.sellers.util.CommonUtils": "CommonUtils"}}}